,baseMean,log2FoldChange,lfcSE,stat,pvalue,padj
RAD17,14.34843834,-1.799106079,0.159093214,-11.30850294,1.19E-29,4.14E-25
PDE10A,11.07321356,-1.809660575,0.202419308,-8.940157904,3.89E-19,6.76E-15
KCNQ3,178.8522495,-1.264465164,0.1440469,-8.778149101,1.66E-18,1.93E-14
MAK,45.83936049,-0.940253837,0.109015273,-8.62497348,6.41E-18,5.57E-14
ZMYND10,127.7198316,-0.996646023,0.117304946,-8.496197805,1.96E-17,1.36E-13
SURF6,2308.804591,-0.731658002,0.086421929,-8.466115167,2.54E-17,1.47E-13
AHCTF1,1027.722473,-1.085124672,0.131367326,-8.260232643,1.45E-16,7.22E-13
EFCAB3,218.4750727,0.899684671,0.110139103,8.168621752,3.12E-16,1.36E-12
BEX2,14.2527617,-1.413313626,0.175014463,-8.075410482,6.73E-16,2.60E-12
CALHM6,89.13121856,-0.749828043,0.093251858,-8.040891227,8.92E-16,2.97E-12
PECR,119.725089,-0.803686799,0.100029904,-8.034465355,9.40E-16,2.97E-12
GGH,2205.11785,0.535576439,0.067243952,7.964678173,1.66E-15,4.80E-12
HRNR,110.1930157,-0.739581846,0.094247712,-7.847212703,4.25E-15,1.06E-11
P2RY6,5.030783896,-1.424097207,0.181485257,-7.846902976,4.26E-15,1.06E-11
ROPN1L,9717.466667,0.972208339,0.125557544,7.743129606,9.70E-15,2.25E-11
PDXK,318.6886473,-0.867819536,0.112402448,-7.72064621,1.16E-14,2.52E-11
HNRNPA1P9,2.347239856,-2.588357505,0.341576195,-7.577687029,3.52E-14,6.70E-11
OR52Z1,16.30509406,-1.070383843,0.141333986,-7.573435628,3.63E-14,6.70E-11
SH2B3,1397.043924,-0.82203138,0.108555887,-7.572425586,3.66E-14,6.70E-11
AGGF1P4,3.579924559,-1.420975189,0.188283362,-7.547003483,4.45E-14,7.74E-11
YPEL1,254.7840277,-0.896785634,0.118968933,-7.537981682,4.77E-14,7.90E-11
RASAL1,12895.938,0.743801577,0.099290114,7.491194689,6.82E-14,1.08E-10
IFI6,1301.010098,0.511924872,0.068790118,7.441837351,9.93E-14,1.50E-10
HSF5,14.3609652,-0.93044676,0.125141381,-7.435164524,1.04E-13,1.51E-10
RNASEK.C17orf49,42.19281093,-0.576291279,0.077579757,-7.428371804,1.10E-13,1.52E-10
RXFP3,26142.93137,0.624170256,0.084075887,7.423891402,1.14E-13,1.52E-10
PGBD2,4.588239209,-1.860402386,0.252166782,-7.377666354,1.61E-13,2.00E-10
PRM3,5.816715557,-1.109938432,0.150426409,-7.378614183,1.60E-13,2.00E-10
TLL1,205.2293206,0.774635581,0.105553193,7.338817169,2.15E-13,2.58E-10
FCRL2,106.245166,-0.853653712,0.116870993,-7.304239379,2.79E-13,3.18E-10
RPSAP67,283.9534667,-0.448021415,0.061391446,-7.297782427,2.93E-13,3.18E-10
UGT3A1,120.8153751,0.930385094,0.127459893,7.299434144,2.89E-13,3.18E-10
FCN2,359.2383393,-0.448741297,0.06188041,-7.251750595,4.11E-13,4.33E-10
MYO10,32.16831058,-0.978237377,0.13497165,-7.247724813,4.24E-13,4.33E-10
FBXO43,50.87373241,0.898898744,0.124156802,7.240028162,4.49E-13,4.46E-10
QKI,95.17936841,-0.855754844,0.118288728,-7.23445807,4.67E-13,4.51E-10
CECR2,7758.764608,0.846890211,0.117319205,7.218683506,5.25E-13,4.93E-10
PRRC1,263.9480442,0.906641572,0.125719356,7.211630719,5.53E-13,4.93E-10
ZNF354A,13.5819684,-1.595296411,0.221149876,-7.213643712,5.45E-13,4.93E-10
MRPS18C,6.530017946,-1.012176041,0.140506622,-7.203760431,5.86E-13,5.09E-10
RNFT1,324.5511517,-0.996471691,0.138601953,-7.189449119,6.51E-13,5.52E-10
ZCCHC14,1806.700362,0.440689165,0.062243772,7.080052367,1.44E-12,1.19E-09
TMED2.DT,11.48151676,-1.409794927,0.199497851,-7.066717364,1.59E-12,1.28E-09
DLEC1,79.46117695,-0.754279785,0.107130587,-7.040750949,1.91E-12,1.51E-09
PLP1,2356.364995,1.008325506,0.143396553,7.031727667,2.04E-12,1.58E-09
LRRC49,1724.863017,0.731773195,0.10415742,7.025646324,2.13E-12,1.61E-09
RNF146,1062.47851,-0.68564503,0.098127178,-6.987310186,2.80E-12,2.03E-09
TMEM43,3639.801038,0.633091794,0.090608709,6.987096465,2.81E-12,2.03E-09
OR51E1,249.0290356,-0.725145994,0.103886152,-6.980198795,2.95E-12,2.09E-09
GKAP1,18.99712855,-1.172103434,0.168398912,-6.960279157,3.40E-12,2.36E-09
ECM2,2079.919956,0.753648898,0.108900679,6.920516066,4.50E-12,3.07E-09
MAN1A2,42.33929124,-0.737524904,0.106879826,-6.900506239,5.18E-12,3.47E-09
EZH2P1,11.92953414,-1.339950354,0.194594101,-6.885873455,5.74E-12,3.77E-09
POLD2,19650.53632,0.617915252,0.089870709,6.875602311,6.17E-12,3.97E-09
RPL23AP57,383.3271097,0.66532261,0.097643184,6.813815176,9.50E-12,5.90E-09
TLR10,439.9195544,-0.766715906,0.112507234,-6.814814313,9.44E-12,5.90E-09
CHRNA4,14.46588731,-0.951694296,0.139926385,-6.801392704,1.04E-11,6.32E-09
IK,62913.87862,0.549337538,0.080884427,6.791635429,1.11E-11,6.65E-09
PTGDS,97.22583937,-0.963081005,0.142176418,-6.773844893,1.25E-11,7.39E-09
IL17RB,752.8518516,-0.491273797,0.07260505,-6.766385992,1.32E-11,7.59E-09
RNF24,300.2177272,0.601272531,0.088903615,6.763195521,1.35E-11,7.59E-09
VWCE,380.8225013,-0.700302613,0.103551055,-6.762872787,1.35E-11,7.59E-09
DENND5A,207.5524338,-0.812637539,0.120330636,-6.75337193,1.44E-11,7.97E-09
ZDHHC1,24.07172632,-1.067598721,0.158857111,-6.720496904,1.81E-11,9.84E-09
ZNRF3.IT1,2.332617748,-1.479627996,0.220565174,-6.708348236,1.97E-11,1.05E-08
C1QL4,249.7077094,0.72295644,0.107906141,6.699863702,2.09E-11,1.10E-08
OR9Q2,9950.687826,0.713425328,0.106726132,6.684635853,2.31E-11,1.20E-08
RN7SL37P,8.043602595,-0.895650519,0.134564164,-6.655936436,2.82E-11,1.44E-08
GXYLT1,1022.910214,-0.660669804,0.099415424,-6.645546322,3.02E-11,1.47E-08
PCSK7,14.84401531,-1.018935324,0.153350969,-6.644466143,3.04E-11,1.47E-08
TRABD,303.4993914,-0.920747256,0.138546264,-6.645774691,3.02E-11,1.47E-08
ZNF394,11.51738513,-0.87676971,0.131896247,-6.647419686,2.98E-11,1.47E-08
ZNF516,65.74958745,-0.873545846,0.131540731,-6.640877243,3.12E-11,1.49E-08
TTLL5,6270.216463,0.511053393,0.077185145,6.621136636,3.56E-11,1.67E-08
AGPAT1,7.327348334,-1.647827219,0.250607481,-6.57533133,4.85E-11,2.24E-08
PPP4R1,327.8988241,0.95729874,0.145623675,6.573785076,4.91E-11,2.24E-08
CMA1,5793.562661,0.656671658,0.100068661,6.562210882,5.30E-11,2.34E-08
CYTH3,2084.144293,0.318782505,0.048581895,6.561755209,5.32E-11,2.34E-08
NEBL,1029.374937,0.651970138,0.099388982,6.559782827,5.39E-11,2.34E-08
SSPN,799.5290588,-0.450537378,0.0686521,-6.562616071,5.29E-11,2.34E-08
LNX2,534.8422586,-0.600349098,0.09164957,-6.550484644,5.74E-11,2.43E-08
PBRM1,1183.490944,0.468938218,0.071577719,6.551455189,5.70E-11,2.43E-08
ANAPC13,4724.276973,0.613706326,0.093903145,6.535524692,6.34E-11,2.66E-08
OR2G2,596.1383605,0.430951587,0.066005895,6.528986369,6.62E-11,2.71E-08
RAD23B,19.16910001,-0.736701974,0.112837636,-6.528867466,6.63E-11,2.71E-08
ANKRD45,1394.372069,0.424570575,0.065061861,6.525644462,6.77E-11,2.74E-08
NFIL3,50.69674675,-0.82922591,0.1272245,-6.517816202,7.13E-11,2.85E-08
RBMY1J,38.52191142,-0.714484163,0.109841439,-6.504686856,7.79E-11,3.08E-08
HDAC9,844.0923969,0.626807549,0.096566408,6.490948164,8.53E-11,3.33E-08
HSD3BP4,7.471960147,0.743840578,0.114676029,6.486452169,8.79E-11,3.36E-08
MTND2P3,11.00204716,0.931240934,0.14359389,6.485240659,8.86E-11,3.36E-08
RPS25,68.85623728,-0.908191182,0.140048449,-6.484835687,8.88E-11,3.36E-08
GPX6,593.9299016,0.805278001,0.124549391,6.465531413,1.01E-10,3.73E-08
IL17REL,3321.704818,0.435371252,0.067322547,6.466945634,1.00E-10,3.73E-08
NCK2,112.4439923,-0.654683972,0.101282303,-6.463952296,1.02E-10,3.73E-08
PDZD8,644.0855739,0.573019291,0.08876103,6.455753084,1.08E-10,3.90E-08
CARNS1,57.60163579,-0.383939867,0.059508848,-6.451811469,1.11E-10,3.96E-08
OTOR,39.00279795,0.83070076,0.128795202,6.449780341,1.12E-10,3.97E-08
CRPPA,313.5899426,-0.960394902,0.149584271,-6.420427061,1.36E-10,4.77E-08
HMSD,6.968871576,0.713595157,0.111177154,6.418541316,1.38E-10,4.78E-08
NCAM1.AS1,15.37115199,-1.005069232,0.15705854,-6.399328747,1.56E-10,5.37E-08
BAG1,666.2207565,0.536536393,0.083882875,6.396256635,1.59E-10,5.43E-08
RSPH10B2,9.803852621,-0.732907163,0.114792917,-6.384602658,1.72E-10,5.80E-08
RNASEK,409.2291189,-0.588110484,0.092179741,-6.380040524,1.77E-10,5.92E-08
DUXAP7,61.45084138,0.938288582,0.147225314,6.373147101,1.85E-10,5.98E-08
HHEX,162.4081271,-0.441545784,0.069286142,-6.372786395,1.86E-10,5.98E-08
MTND3P10,3.770016956,-1.149019817,0.18028173,-6.373467876,1.85E-10,5.98E-08
RFC3,12977.04114,0.691969251,0.108530809,6.375786339,1.82E-10,5.98E-08
DCLK2,24.48480556,-0.891410605,0.139972867,-6.368452863,1.91E-10,6.09E-08
CAV1,3862.19168,0.442834715,0.069559146,6.366304647,1.94E-10,6.12E-08
CEP44,12.86813538,-0.768804714,0.120876176,-6.360266665,2.01E-10,6.31E-08
MED16,7521.833322,0.234020827,0.036882345,6.345063576,2.22E-10,6.84E-08
PRELID1,1048.960707,0.57278616,0.090269109,6.345317535,2.22E-10,6.84E-08
CXCL16,131.8984508,1.46380219,0.231001028,6.336777808,2.35E-10,7.14E-08
FOXP2,198.8212914,-0.617103435,0.097398864,-6.335838097,2.36E-10,7.14E-08
TDRD6,927.2368554,0.618882342,0.097805678,6.327672911,2.49E-10,7.46E-08
ZCCHC12,1804.992875,0.622714881,0.098640695,6.312961227,2.74E-10,8.14E-08
ZNF114,5.997015212,-0.854384449,0.135741923,-6.294182573,3.09E-10,9.11E-08
RUNX1T1,178.7532925,-0.648738985,0.103314601,-6.27925754,3.40E-10,9.78E-08
SPNS1,7272.142481,0.503478413,0.080158354,6.28104732,3.36E-10,9.78E-08
WNT1,104.2297516,-0.982064317,0.156389686,-6.279597726,3.39E-10,9.78E-08
IL13,70.86135579,-0.809423523,0.129198008,-6.264984539,3.73E-10,1.06E-07
SGCA,201609.8427,0.652708203,0.104334191,6.25593772,3.95E-10,1.12E-07
DTWD1,62.52302805,-0.892182405,0.142913274,-6.242823905,4.30E-10,1.21E-07
CD27,335.2410773,0.512200192,0.082130609,6.236410477,4.48E-10,1.25E-07
SP3P,1156.396402,0.680377229,0.109134457,6.234302615,4.54E-10,1.25E-07
HBZ,19886.4017,0.563892901,0.090604436,6.223678693,4.86E-10,1.32E-07
ROBO3,5108.480935,0.500732234,0.080450545,6.22409999,4.84E-10,1.32E-07
METTL15,721.8754806,0.778745328,0.12519887,6.220066724,4.97E-10,1.34E-07
ADCY1,119954.8504,0.610344158,0.098481329,6.197562157,5.73E-10,1.53E-07
ACY3,34.56285184,-0.842336124,0.136026804,-6.192427494,5.92E-10,1.57E-07
TIMP2,14579.92494,0.463573912,0.075058898,6.176135309,6.57E-10,1.73E-07
ELANE,448.4897299,0.541081097,0.087644368,6.173598052,6.68E-10,1.75E-07
FAM168B,471.7676594,0.543136257,0.08802549,6.170215635,6.82E-10,1.77E-07
RBM15,1910.567933,0.53860257,0.087452382,6.158809599,7.33E-10,1.89E-07
CCNF,1488.775119,-0.286362028,0.046582984,-6.147352637,7.88E-10,2.00E-07
TUG1,16.83596342,-1.083127329,0.176155949,-6.148684355,7.81E-10,2.00E-07
AP1S1,11067.42114,0.667459949,0.10866094,6.142593202,8.12E-10,2.05E-07
LMAN1L,2402.779884,-0.25757534,0.041969273,-6.13723621,8.40E-10,2.09E-07
RAF1,432.1152158,0.655401385,0.106788561,6.137374455,8.39E-10,2.09E-07
CLDN11,310.6953805,0.603783869,0.098520998,6.128479039,8.87E-10,2.19E-07
ADD2,862.1088551,-0.208825567,0.034095838,-6.124664439,9.09E-10,2.21E-07
GTF3C3,113.3341739,-0.544119385,0.08882348,-6.125850782,9.02E-10,2.21E-07
ACSM2B,385.9627991,-0.52847775,0.086342779,-6.120694226,9.32E-10,2.22E-07
EBAG9,32.21258411,-0.792008466,0.129375989,-6.121757783,9.25E-10,2.22E-07
PDE4C,253.7004196,-0.407037578,0.066483012,-6.122429877,9.22E-10,2.22E-07
PCDHA2,7.470861156,-1.430261343,0.234099323,-6.109634684,9.99E-10,2.36E-07
ATF5,18.09495905,0.922131212,0.151103348,6.102652413,1.04E-09,2.45E-07
LINC01620,36.76114979,-0.768568465,0.126038509,-6.097886051,1.07E-09,2.51E-07
TUFT1,34.19079722,-0.899722522,0.147609637,-6.095283058,1.09E-09,2.53E-07
RPL7P17,5338.738475,0.443411691,0.07281428,6.089625391,1.13E-09,2.61E-07
PTCD3,11.10661654,-0.661391841,0.108828976,-6.077350594,1.22E-09,2.80E-07
FASTKD2,3.868276399,-1.990345208,0.327693107,-6.073808588,1.25E-09,2.84E-07
BOLA2.SMG1P6,31.6034215,0.602916075,0.099445327,6.062789381,1.34E-09,3.02E-07
RAB4A,45.81666916,-0.895368358,0.147752361,-6.059925897,1.36E-09,3.06E-07
WDR41,485.5083408,-0.605057818,0.0999056,-6.05629535,1.39E-09,3.10E-07
HSD11B1,251.3264738,0.493518207,0.081523278,6.053709033,1.42E-09,3.14E-07
KNL1,18280.42052,0.569970534,0.094205572,6.050284728,1.45E-09,3.18E-07
CDH22,330.5879219,0.502027608,0.083073697,6.043159558,1.51E-09,3.31E-07
REG1A,3431.276617,0.568645598,0.094134271,6.040792518,1.53E-09,3.33E-07
IKZF1,18521.89281,0.311913752,0.051746008,6.027783817,1.66E-09,3.59E-07
CYP27A1,57.53589923,0.630651562,0.104661073,6.025655432,1.68E-09,3.62E-07
CUL4B,627.1383224,-0.67761886,0.11256938,-6.01956642,1.75E-09,3.73E-07
PPP6R3,1389.207668,-0.22496653,0.037422164,-6.011585294,1.84E-09,3.90E-07
CDK14,1318.645538,0.447823589,0.074555175,6.006606336,1.89E-09,3.99E-07
RBPJL,21872.58324,0.466474869,0.077730859,6.001154157,1.96E-09,4.10E-07
PYURF,1372.641432,-0.730384097,0.121735638,-5.999755797,1.98E-09,4.11E-07
PSMG1,114.0505053,-0.697992939,0.116433827,-5.994760798,2.04E-09,4.22E-07
LIPF,39.55540573,0.609276319,0.101745782,5.988221913,2.12E-09,4.37E-07
COL5A3,3.638636166,-1.111689577,0.185767583,-5.984303388,2.17E-09,4.45E-07
LIPA,21832.13,0.530718708,0.088724551,5.981644356,2.21E-09,4.47E-07
VCAN,8621.997178,0.595709255,0.099577636,5.982359855,2.20E-09,4.47E-07
ECD,1171.259578,0.522039515,0.087305424,5.979462573,2.24E-09,4.50E-07
OR9G3P,2750.30655,0.413639819,0.069209849,5.976603376,2.28E-09,4.55E-07
CDX1,6919.208263,0.441126133,0.073842494,5.973879138,2.32E-09,4.59E-07
MAGEA4,1892.704557,-0.784100127,0.131267215,-5.973312753,2.32E-09,4.59E-07
BCDIN3D,7.457018005,-1.147309611,0.192606353,-5.956758907,2.57E-09,5.05E-07
ARL4A,3817.672766,0.619404221,0.104051093,5.952885275,2.63E-09,5.15E-07
MGMT,41.59978928,0.840377299,0.141242844,5.949875219,2.68E-09,5.21E-07
GNG13,72.65615678,-0.569170123,0.095705838,-5.947078403,2.73E-09,5.24E-07
MUC3A,1366.542073,0.27680438,0.046538208,5.947895096,2.72E-09,5.24E-07
PTGER3,265.4110529,0.618616771,0.104067349,5.944388691,2.77E-09,5.30E-07
RN7SKP248,2.871470689,0.906031464,0.152483177,5.941845412,2.82E-09,5.36E-07
ACOX3,243.3694162,0.528153059,0.089314505,5.913407421,3.35E-09,6.31E-07
CDK5RAP1,11299.91425,0.403274278,0.068205437,5.912641222,3.37E-09,6.31E-07
OR3A2,2.747738408,-1.410119388,0.238541977,-5.91140982,3.39E-09,6.31E-07
RPP25L,2235.517566,0.608117949,0.102857843,5.912217587,3.38E-09,6.31E-07
VSIG1,8075.705954,0.546187006,0.092552197,5.901394284,3.60E-09,6.67E-07
COL11A1,2923.368645,0.751928042,0.12748522,5.898158545,3.68E-09,6.73E-07
NAA11,9.800775501,-0.630100768,0.106819803,-5.898726182,3.66E-09,6.73E-07
CRK,3145.681351,0.421592423,0.071531192,5.893826291,3.77E-09,6.87E-07
DDX19B,20597.97619,0.372151778,0.063164258,5.89180957,3.82E-09,6.92E-07
ZNF596,2112.387901,0.430447985,0.073098038,5.888639398,3.89E-09,7.02E-07
HCG24,4.962330262,-1.145124624,0.194709277,-5.881202172,4.07E-09,7.28E-07
IGDCC4,86.39072951,-0.473844119,0.080574526,-5.880817965,4.08E-09,7.28E-07
FAM13A,664.7264064,0.824545446,0.140577008,5.865436028,4.48E-09,7.95E-07
DYNLL2,24.55814937,0.860201792,0.146840996,5.858049275,4.68E-09,8.27E-07
CCDC178,4958.7634,0.675993735,0.115474476,5.854053294,4.80E-09,8.34E-07
CD164L2,34.65163518,-0.723694107,0.123613114,-5.854509125,4.78E-09,8.34E-07
PLN,48.97373067,0.738639705,0.126173965,5.854137211,4.79E-09,8.34E-07
ADAP2,83.00895921,0.682858976,0.11679941,5.846424863,5.02E-09,8.69E-07
REXO1,11362.9276,0.501545179,0.085960527,5.834598686,5.39E-09,9.28E-07
LRRC53,8.405689486,-1.355482338,0.2325298,-5.829284411,5.57E-09,9.54E-07
NHP2,577.2357298,-1.147387086,0.196945976,-5.82589758,5.68E-09,9.68E-07
MC2R,46.57573694,-0.33879102,0.058190415,-5.822110359,5.81E-09,9.86E-07
SRP68,10126.41438,-0.289104164,0.049775997,-5.808103907,6.32E-09,1.07E-06
ZNF428,212.893967,-0.748286124,0.128913699,-5.804550883,6.45E-09,1.08E-06
WDR89,155.163134,0.795806603,0.137547375,5.785690932,7.22E-09,1.21E-06
EPRS1,37.75514546,0.601410148,0.104178696,5.772870781,7.79E-09,1.29E-06
IGKV7.3,1048.060812,0.743253095,0.128744255,5.773097194,7.78E-09,1.29E-06
SYT5,24.64111505,-0.895678462,0.155348316,-5.765614221,8.14E-09,1.34E-06
GPR150,150.6851098,-0.319235997,0.055392718,-5.763140126,8.26E-09,1.35E-06
PAIP2,25394.37219,0.511860619,0.088824176,5.762627286,8.28E-09,1.35E-06
BCAS3,83.77154854,-0.669635993,0.116390289,-5.753366509,8.75E-09,1.42E-06
BUD23,2018.359299,0.306894193,0.05339911,5.747178008,9.07E-09,1.47E-06
POTEH.AS1,8.686793387,1.281344291,0.22325898,5.739273248,9.51E-09,1.53E-06
NLRP7,2532.255,0.428847961,0.074793007,5.733797534,9.82E-09,1.57E-06
FAM30A,835.4876454,0.537074119,0.093690403,5.732434722,9.90E-09,1.58E-06
RAI14,3141.889591,0.331953145,0.057969424,5.726348814,1.03E-08,1.63E-06
RN7SL12P,1.306295489,0.980733308,0.171515571,5.718042388,1.08E-08,1.70E-06
NEUROG3,20364.15597,0.430477862,0.075305408,5.716426899,1.09E-08,1.71E-06
SLC16A9,62.76032576,0.629645401,0.11032438,5.707219014,1.15E-08,1.80E-06
APEX2,4892.073847,-0.564347045,0.0989741,-5.701966938,1.18E-08,1.85E-06
SELENBP1,4103.859442,0.478907412,0.084063001,5.697005866,1.22E-08,1.89E-06
SNX29P1,60.26061968,-0.536467621,0.094215974,-5.694019812,1.24E-08,1.92E-06
PLA1A,2986.792372,0.583052313,0.102471859,5.689877391,1.27E-08,1.96E-06
MIR4797,35.02268745,0.611486841,0.107510874,5.687674382,1.29E-08,1.97E-06
PPP2CB,481.4726963,-0.287416928,0.050612049,-5.678824186,1.36E-08,2.07E-06
GZMK,2032.79207,0.514980528,0.09081275,5.670795464,1.42E-08,2.16E-06
CCDC114,804.8439944,0.438205199,0.077299695,5.668912423,1.44E-08,2.17E-06
ATF7IP2,93.13941508,-0.378018846,0.066807356,-5.658341627,1.53E-08,2.30E-06
BCL7B,67.9387441,-0.646228114,0.11424022,-5.656747828,1.54E-08,2.31E-06
HSPA8,692.305851,-0.651884166,0.115378412,-5.649966526,1.60E-08,2.39E-06
DMXL1,222.1646497,-0.52585281,0.093090442,-5.648837815,1.62E-08,2.40E-06
LINC02134,29.6125775,-0.441719114,0.078369708,-5.636350171,1.74E-08,2.57E-06
XXYLT1.AS1,17.54291016,-0.436598888,0.077470974,-5.635644751,1.74E-08,2.57E-06
BRDTP1,53.73859464,-0.632083605,0.112283766,-5.629340973,1.81E-08,2.65E-06
RNF133,143.0509162,-0.789664482,0.140309226,-5.628029625,1.82E-08,2.66E-06
RTCA,2045.237576,0.386315398,0.068670329,5.625652382,1.85E-08,2.69E-06
GCNT1,42.29367953,-0.544743647,0.096910609,-5.621094031,1.90E-08,2.75E-06
MRPL1,1399.797384,0.31329649,0.055807548,5.613873031,1.98E-08,2.85E-06
SORBS2,24.99272323,-0.516216884,0.092158262,-5.601417292,2.13E-08,3.05E-06
BECN1P2,3.234823509,-1.005084531,0.179468886,-5.60032745,2.14E-08,3.06E-06
BPHL,106.261491,-0.709470268,0.126764905,-5.59674043,2.18E-08,3.11E-06
OCSTAMP,26146.42913,0.540122263,0.096515179,5.596241655,2.19E-08,3.11E-06
AMT,219.1350774,0.440418984,0.078748026,5.592762229,2.23E-08,3.16E-06
NEK11,104.1154804,-0.523531685,0.093703671,-5.587098971,2.31E-08,3.24E-06
USP9YP20,26.98692088,0.598939974,0.107198989,5.587179292,2.31E-08,3.24E-06
LINC01237,2.568212993,-1.464245711,0.262191172,-5.584649179,2.34E-08,3.27E-06
CSRNP2,1542.348285,-0.281445143,0.050434229,-5.580439038,2.40E-08,3.32E-06
SEMA4B,23.30655452,0.746430276,0.133742281,5.581109202,2.39E-08,3.32E-06
CHST14,1.255460255,-1.505264201,0.269820203,-5.578767574,2.42E-08,3.34E-06
MBOAT2,36.77085954,0.784792766,0.140736706,5.576319002,2.46E-08,3.38E-06
BACH1,419.8670543,0.637248815,0.114351625,5.572713259,2.51E-08,3.43E-06
MOCS3,1458.981331,0.697297435,0.125231696,5.568058703,2.58E-08,3.51E-06
C8orf48,1945.193271,0.729414911,0.131022443,5.567098977,2.59E-08,3.52E-06
VIM,25472.0472,0.35580278,0.06403398,5.556468289,2.75E-08,3.72E-06
MDH1,6347.607712,-0.164136143,0.029557903,-5.553037375,2.81E-08,3.77E-06
SPATS1,987.7617308,0.590930199,0.106403703,5.553661972,2.80E-08,3.77E-06
VN1R68P,6.072777937,-0.686370132,0.123654965,-5.550688013,2.85E-08,3.81E-06
SKA3,1809.947373,0.388387902,0.07001847,5.546934975,2.91E-08,3.86E-06
TNFAIP3,8.170215675,-1.120321898,0.201976613,-5.546790186,2.91E-08,3.86E-06
ACO1,495.3896095,0.362699606,0.065409021,5.545100699,2.94E-08,3.87E-06
BARHL1,26.67671654,-0.806332299,0.145403997,-5.545461735,2.93E-08,3.87E-06
RNU1.61P,19.8431677,-0.344198716,0.062101716,-5.542499268,2.98E-08,3.91E-06
OR9G4,75.39010706,-0.427558076,0.077197113,-5.538524148,3.05E-08,3.97E-06
TGOLN2,21745.85035,-0.215797497,0.038956395,-5.539462759,3.03E-08,3.97E-06
CDC25C,786.9883239,0.72342275,0.13071538,5.534335358,3.12E-08,4.05E-06
HNRNPA3,35.32939628,0.840702305,0.152028633,5.529894538,3.20E-08,4.14E-06
PAQR3,42.62786944,-0.580051768,0.10490489,-5.529311055,3.21E-08,4.14E-06
C4orf45,122.9111605,0.75333185,0.136436415,5.521486697,3.36E-08,4.31E-06
FN1,798.9489587,-0.194480402,0.035255378,-5.516332949,3.46E-08,4.41E-06
G6PC3,97.81014718,-0.477931681,0.086639634,-5.516316913,3.46E-08,4.41E-06
NANOGNBP3,8.98188236,-0.526151118,0.095731031,-5.496139678,3.88E-08,4.93E-06
NFE2L2,132.2627306,0.706271378,0.12866999,5.489013996,4.04E-08,5.11E-06
FAM120C,362.7424296,-1.175235283,0.214264785,-5.484967034,4.14E-08,5.19E-06
MYH16,132.8239653,0.500425904,0.09122545,5.485595359,4.12E-08,5.19E-06
RCHY1,423.9601828,-0.348680908,0.063602438,-5.482194028,4.20E-08,5.25E-06
OR6C69P,4.035931097,-0.979675983,0.17876113,-5.480363546,4.24E-08,5.29E-06
OGFOD1P1,1.986683505,1.111403248,0.202988921,5.475191674,4.37E-08,5.43E-06
CYLD,104.2246606,0.871915933,0.159341254,5.472003694,4.45E-08,5.51E-06
C1orf54,1951.710862,0.335218025,0.061279187,5.470340586,4.49E-08,5.54E-06
KIAA1324L,108.1223345,-0.683064122,0.125025123,-5.463414917,4.67E-08,5.74E-06
PARP10,2498.191129,-0.298657935,0.054738578,-5.456077687,4.87E-08,5.96E-06
USP9YP5,313.4424018,-0.232234558,0.042579532,-5.454136025,4.92E-08,6.00E-06
ABCB11,2067.492421,0.410351845,0.075246332,5.453446486,4.94E-08,6.01E-06
APOA5,2284.266655,0.311318997,0.057110404,5.451178293,5.00E-08,6.04E-06
RN7SL652P,11.26449314,0.788359071,0.144604986,5.451811136,4.99E-08,6.04E-06
SLC19A1,2151.786691,-0.217358703,0.039889393,-5.449035116,5.06E-08,6.09E-06
NKD2,1417.538387,0.411623293,0.075593004,5.445256486,5.17E-08,6.20E-06
CLSPN,56.56395718,-0.556251797,0.102247042,-5.440272782,5.32E-08,6.36E-06
MEF2C,2083.630195,-0.465493349,0.085634393,-5.43582237,5.45E-08,6.47E-06
RNU6.1108P,3.979792619,-0.95544383,0.175763672,-5.435957378,5.45E-08,6.47E-06
TANC1,2052.644071,0.212749881,0.03919246,5.428336977,5.69E-08,6.73E-06
ALDOB,2964.393426,0.446030234,0.082207454,5.425666531,5.77E-08,6.76E-06
ANKLE1,219.7040152,-0.241528613,0.044506429,-5.42682526,5.74E-08,6.76E-06
PRNP,1328.682978,0.487450852,0.089843151,5.425576112,5.78E-08,6.76E-06
HSD17B7P2,4343.737265,0.364208084,0.067150215,5.423781346,5.84E-08,6.81E-06
ZNF273,12.69359245,-0.513815964,0.094779753,-5.421157472,5.92E-08,6.89E-06
ABHD16B,52.34622547,0.593952783,0.109597872,5.419382428,5.98E-08,6.93E-06
PDLIM2,2255.003618,-0.811386069,0.149827148,-5.415480981,6.11E-08,7.06E-06
COL13A1,40.21678524,0.63794434,0.117892011,5.411260128,6.26E-08,7.21E-06
DSTYK,1295.350566,-0.299976821,0.055441963,-5.410645781,6.28E-08,7.21E-06
EDN2,248.9498641,0.707279889,0.13074354,5.409673683,6.31E-08,7.22E-06
TSPEAR.AS2,154.3068541,0.469937185,0.086930177,5.405915428,6.45E-08,7.35E-06
POLG,12.21177884,-0.887082932,0.164340014,-5.397851134,6.74E-08,7.66E-06
WWP1,1108.776536,0.407662598,0.075541632,5.396528865,6.79E-08,7.70E-06
CITED4,11.55996431,-1.096448377,0.203343251,-5.392106073,6.96E-08,7.86E-06
GINS4,20.44685258,-1.197486592,0.222189919,-5.38947309,7.07E-08,7.95E-06
STAM2,79.68901162,-0.672961863,0.124908088,-5.387656434,7.14E-08,8.01E-06
BPY2C,152.7600045,-0.743692934,0.138230015,-5.380111778,7.44E-08,8.24E-06
MIR431,47.93358779,0.40568184,0.075401036,5.380321849,7.44E-08,8.24E-06
RPEP3,2.136256085,0.878685124,0.163311581,5.380421408,7.43E-08,8.24E-06
SHLD2P1,340.8754526,-0.608351563,0.113064023,-5.380593656,7.42E-08,8.24E-06
OR56A1,23.65822509,-0.562525491,0.104684155,-5.373549524,7.72E-08,8.52E-06
ADGRG4,4447.002994,0.40039859,0.074573127,5.369207478,7.91E-08,8.70E-06
PNRC2,5151.820138,0.649757763,0.121111325,5.364962902,8.10E-08,8.88E-06
RN7SL322P,410.1466661,-0.299685707,0.055892303,-5.361842174,8.24E-08,9.01E-06
SLC13A3,878.3282905,0.371226364,0.069286718,5.357828667,8.42E-08,9.18E-06
CACNG8,361.6093714,0.397173265,0.074186466,5.353715912,8.62E-08,9.33E-06
MAP4K5,2314.652624,0.175227723,0.032729858,5.353757583,8.61E-08,9.33E-06
FAM218A,9.879310832,0.571242482,0.106825381,5.347441552,8.92E-08,9.63E-06
ZNF274,39.83124724,0.660939347,0.123613351,5.346828186,8.95E-08,9.64E-06
DERL2,1233.990583,0.407491125,0.076472264,5.328613351,9.90E-08,1.06E-05
KCNJ13,619.6915376,0.459325141,0.086201332,5.328515595,9.90E-08,1.06E-05
RAB1B,15.74747682,-0.822794746,0.154496148,-5.32566511,1.01E-07,1.07E-05
ADAD2,3310.266973,0.493605999,0.092719905,5.323624918,1.02E-07,1.08E-05
CMTM7,347.978199,0.64023267,0.120306979,5.321658593,1.03E-07,1.09E-05
PTGES3L.AARSD1,326.7731248,0.695208558,0.130687003,5.319645731,1.04E-07,1.09E-05
RNF215,2118.340313,0.379784982,0.071374696,5.321003111,1.03E-07,1.09E-05
TRBV8.2,66.59485375,-0.587191108,0.110356007,-5.32088036,1.03E-07,1.09E-05
UBLCP1,492.7432664,-0.181223038,0.034097571,-5.314837102,1.07E-07,1.12E-05
GLRA2,667.44072,0.499045406,0.093988602,5.309637513,1.10E-07,1.15E-05
RGS19,13.86973942,-0.887860159,0.167270241,-5.307938528,1.11E-07,1.15E-05
HNRNPA1P63,196.3517013,-0.426172912,0.080308111,-5.306723179,1.12E-07,1.16E-05
CACNA2D2,658.3462189,-0.505009891,0.095243905,-5.302280416,1.14E-07,1.18E-05
BAHD1,948.0136855,-0.490246607,0.092523424,-5.298621544,1.17E-07,1.20E-05
E2F6,3331.250418,-0.226367166,0.042717025,-5.299225907,1.16E-07,1.20E-05
CTNNB1,518.148818,0.341954358,0.064614962,5.29218543,1.21E-07,1.23E-05
LYPD6B,1526.022842,0.26744074,0.050517858,5.293984113,1.20E-07,1.23E-05
OR7E111P,1.834699747,-0.991112863,0.18728952,-5.29187571,1.21E-07,1.23E-05
TLE4,540.9247275,0.423517643,0.080112654,5.28652621,1.25E-07,1.27E-05
NEK10,18020.62363,0.326478303,0.061831629,5.280118118,1.29E-07,1.31E-05
TRPC5,9690.753385,-0.309613872,0.058646316,-5.279340514,1.30E-07,1.31E-05
C1DP4,1.990179913,-1.026534491,0.194764587,-5.270642393,1.36E-07,1.37E-05
PRSS35,10.01396143,-0.683138943,0.129776075,-5.263982168,1.41E-07,1.41E-05
ST8SIA2,75.86217333,-0.524547592,0.099638725,-5.264495203,1.41E-07,1.41E-05
DDIT4L,363.6498887,-0.206247292,0.039219348,-5.258814862,1.45E-07,1.44E-05
THEMIS2,2394.516719,-0.320929535,0.061011725,-5.260128827,1.44E-07,1.44E-05
SYF2,149.2912689,0.484863839,0.092269876,5.254844364,1.48E-07,1.47E-05
POLR3A,1455.639024,0.382419903,0.072826054,5.251141312,1.51E-07,1.50E-05
RNFT2,1092.801746,0.498147948,0.094958067,5.245978215,1.55E-07,1.54E-05
SPCS2,60.15574756,-0.557583371,0.106345987,-5.243106832,1.58E-07,1.56E-05
MLLT10,780.6057546,0.436636413,0.083371422,5.237243187,1.63E-07,1.59E-05
PPP6R2,469.4258293,0.511840342,0.097728674,5.237360943,1.63E-07,1.59E-05
STAT1,102768.9292,0.588118453,0.112260932,5.238852392,1.62E-07,1.59E-05
ZNF547,8986.568267,0.573317336,0.109501332,5.235711087,1.64E-07,1.60E-05
TMPRSS4,9029.027081,0.520933342,0.099610832,5.229685695,1.70E-07,1.65E-05
VNN2,1211.272554,-0.677075642,0.129482466,-5.229091349,1.70E-07,1.65E-05
MAGI2,605.044098,0.399501088,0.076448805,5.225733558,1.73E-07,1.68E-05
KRTAP5.2,21.4819535,0.594090826,0.113748446,5.22284783,1.76E-07,1.69E-05
TRPC4,518.6476214,0.588627068,0.112692481,5.223303814,1.76E-07,1.69E-05
PLAC1,109.5890384,-0.245993139,0.047106918,-5.222017289,1.77E-07,1.70E-05
MAP3K10,1235.989934,-0.204976553,0.039340338,-5.210340358,1.88E-07,1.79E-05
SCLT1,1141.5649,0.504495458,0.096820005,5.210653079,1.88E-07,1.79E-05
TMEM38A,1740.540476,0.41710131,0.080039047,5.211222843,1.88E-07,1.79E-05
C1orf74,1857.690088,0.459579608,0.088230734,5.208838114,1.90E-07,1.80E-05
HSPA4L,15.58159783,-0.703541434,0.135095877,-5.20771949,1.91E-07,1.81E-05
CBWD2,4037.061081,0.291243328,0.055998171,5.200943559,1.98E-07,1.86E-05
CELF1,15867.49761,0.391520327,0.075260819,5.202179967,1.97E-07,1.86E-05
SLFN12,3229.616362,-0.24522579,0.047199636,-5.195501707,2.04E-07,1.91E-05
EDNRA,2235.883408,-0.285489475,0.055019239,-5.188902667,2.12E-07,1.97E-05
GPR88,1139.87124,-0.77641927,0.149630152,-5.188922547,2.12E-07,1.97E-05
TNFRSF10A,5663.574276,-0.305018366,0.05878327,-5.188863502,2.12E-07,1.97E-05
PIGT,69.06942758,-0.583367707,0.112503442,-5.18533206,2.16E-07,2.00E-05
SELENOKP2,27.62110082,-0.432036694,0.083330047,-5.184644781,2.16E-07,2.00E-05
TMEM243,194.5333868,-0.452051192,0.08723401,-5.182052209,2.19E-07,2.02E-05
PMAIP1,358.5858196,-0.217624039,0.042042986,-5.176226996,2.26E-07,2.08E-05
TSPAN8,39.95608598,-0.772706622,0.149353205,-5.173686256,2.30E-07,2.11E-05
MEST,4113.121645,0.725327783,0.140265215,5.171116613,2.33E-07,2.12E-05
SLC39A13,396.1282257,0.382907929,0.074046457,5.171185008,2.33E-07,2.12E-05
GALR3,27.54441363,0.642547716,0.124302523,5.16922506,2.35E-07,2.14E-05
ZNF737,6.636528747,1.104273672,0.213701796,5.167357942,2.37E-07,2.16E-05
GDNF,128339.5917,0.529921701,0.102643521,5.162738931,2.43E-07,2.20E-05
ZSCAN22,275.9066542,0.450999502,0.087434641,5.158132926,2.49E-07,2.25E-05
DKKL1,125.0009285,-0.713907227,0.138486324,-5.155073829,2.54E-07,2.28E-05
LINC02582,5.317444936,-1.129427255,0.219148801,-5.153700357,2.55E-07,2.29E-05
HADH,3182.096649,-0.18373238,0.035666745,-5.15136386,2.59E-07,2.32E-05
TSC22D3,42.78948849,-0.68559949,0.133180787,-5.147885847,2.63E-07,2.35E-05
SLC25A38,568.6804171,0.378431486,0.073553658,5.144971636,2.68E-07,2.39E-05
CCT3,20050.35639,0.363504968,0.070746515,5.138132494,2.77E-07,2.46E-05
SH3BGRL2,372.8620675,-0.325179852,0.063280053,-5.138741733,2.77E-07,2.46E-05
CD200R1,34.73180251,-0.510118795,0.099306325,-5.136820782,2.79E-07,2.47E-05
RHOXF2B,34.15585089,-0.560034219,0.109024597,-5.136769448,2.80E-07,2.47E-05
MMS19,4423.354803,0.313007594,0.061010797,5.130363965,2.89E-07,2.54E-05
TK1,400.6848593,-0.217524614,0.042401115,-5.130162545,2.89E-07,2.54E-05
FGFRL1,18.69070244,0.600883603,0.117276435,5.123651677,3.00E-07,2.62E-05
MTND4P24,465.4183713,-0.566878794,0.110659107,-5.122748673,3.01E-07,2.63E-05
TMPRSS11E,3265.579812,0.441327528,0.086171594,5.121496611,3.03E-07,2.64E-05
GATAD1,1618.761377,-0.174656203,0.03411048,-5.120309169,3.05E-07,2.65E-05
REP15,1905.487637,0.449524571,0.087817372,5.118856995,3.07E-07,2.67E-05
NFYB,558.2517175,0.398795949,0.077968991,5.114801945,3.14E-07,2.70E-05
SKI,23.76836883,-0.764072329,0.149385952,-5.114753546,3.14E-07,2.70E-05
WWTR1,3897.962114,0.303826325,0.059390177,5.115767312,3.12E-07,2.70E-05
ARHGEF39,55.8464486,-0.410128305,0.080246299,-5.110868811,3.21E-07,2.75E-05
OSTF1,4446.144391,0.317525498,0.062189446,5.105777867,3.29E-07,2.81E-05
SLC6A12,3153.224982,0.239180485,0.046844429,5.105846941,3.29E-07,2.81E-05
PTGES3,33807.32786,-0.172296906,0.033755815,-5.104214034,3.32E-07,2.83E-05
KLHL18,98.77140179,-0.46600792,0.091324915,-5.102746804,3.35E-07,2.85E-05
APOBEC3B,153.2542629,0.668773668,0.131113677,5.100716309,3.38E-07,2.86E-05
DPCD,6704.114379,0.476067517,0.09334788,5.09992854,3.40E-07,2.86E-05
FBXW9,942.0345367,-0.278506086,0.054611044,-5.099812542,3.40E-07,2.86E-05
IGFN1,33166.09115,0.475705888,0.093265018,5.100582163,3.39E-07,2.86E-05
FOLR2,4.973906619,-0.743124711,0.145753921,-5.098488642,3.42E-07,2.88E-05
BGN,11.39315851,-0.722222838,0.141758167,-5.094752942,3.49E-07,2.93E-05
SPRR4,2244.260871,-0.148350994,0.029127205,-5.093210784,3.52E-07,2.94E-05
SI,23810.95318,-0.660297229,0.129712488,-5.090467678,3.57E-07,2.98E-05
ATRIP,8754.165118,-0.216417406,0.042567152,-5.084141126,3.69E-07,3.07E-05
DPP8,1206.029053,0.360257982,0.070860348,5.084056035,3.69E-07,3.07E-05
CLDN14,4450.752186,0.277531074,0.05460147,5.082849871,3.72E-07,3.08E-05
DCBLD2,2629.345634,0.353310293,0.06954915,5.080008815,3.77E-07,3.12E-05
TMIGD3,180.5934122,0.542652088,0.106862892,5.078021721,3.81E-07,3.14E-05
ZNF232,4245.242747,0.539007297,0.106164377,5.0771013,3.83E-07,3.15E-05
TNFSF14,38053.85734,0.513410518,0.101172065,5.074627247,3.88E-07,3.18E-05
TAS2R5,2495.098755,0.231904019,0.045705078,5.073922432,3.90E-07,3.19E-05
ZBTB7A,71.52576407,0.747533201,0.147379974,5.072149083,3.93E-07,3.21E-05
HSP90B1,5.005956248,-0.921578273,0.181748318,-5.070628891,3.97E-07,3.23E-05
PIAS3,2238.601436,0.206495053,0.040729132,5.069959542,3.98E-07,3.23E-05
ADAM5,80.31692405,0.541814061,0.106884482,5.069155512,4.00E-07,3.24E-05
C2,76.50670979,-0.346427662,0.068356519,-5.067953504,4.02E-07,3.25E-05
BICDL2,185.994205,-0.547708353,0.108130031,-5.065275097,4.08E-07,3.29E-05
SLC25A24,262.2480764,-0.393808699,0.077772977,-5.063567267,4.11E-07,3.31E-05
TMEM132B,12.22651338,0.811095189,0.160269464,5.060821745,4.17E-07,3.35E-05
FBXL14,1123.889334,-0.959344952,0.189637471,-5.058836461,4.22E-07,3.38E-05
SPATA21,52.60963439,-0.449884779,0.08896933,-5.056627694,4.27E-07,3.41E-05
RSRP1,3924.566836,-0.687557514,0.135990942,-5.055906705,4.28E-07,3.42E-05
IPO7,39.66013261,0.684811433,0.135505209,5.053764639,4.33E-07,3.44E-05
PRDM8,26.96858734,-0.308057319,0.060950282,-5.054239398,4.32E-07,3.44E-05
SIX2,41.34812888,0.753198274,0.149070358,5.052636112,4.36E-07,3.45E-05
CNOT6,3050.521486,0.719648621,0.142534463,5.048944678,4.44E-07,3.51E-05
GJA10,322.1220263,-0.53522165,0.106010495,-5.048760965,4.45E-07,3.51E-05
LRRC4C,1696.751507,0.558085836,0.110642253,5.044057051,4.56E-07,3.59E-05
CDC25B,34.31483426,-0.618599229,0.122701486,-5.041497429,4.62E-07,3.63E-05
MCM3AP,12.18085479,-0.731514278,0.145131559,-5.040352918,4.65E-07,3.63E-05
OR9I2P,3.561011962,-1.391745036,0.276101502,-5.040700709,4.64E-07,3.63E-05
CBLN4,20.25929337,0.803748068,0.159562364,5.037203313,4.72E-07,3.68E-05
LPIN2,583.0936519,-0.18892735,0.037525228,-5.034675606,4.79E-07,3.72E-05
WNK3,4.01534872,0.957949939,0.19034131,5.032801011,4.83E-07,3.75E-05
DCUN1D2,7.851832142,-0.924187413,0.183717946,-5.030468886,4.89E-07,3.79E-05
OR52B3P,196.921324,-0.207668172,0.041322104,-5.025595334,5.02E-07,3.88E-05
HGF,326.203548,0.515482253,0.102592495,5.024561018,5.05E-07,3.89E-05
UAP1,1806.951919,0.424459352,0.084509612,5.022616268,5.10E-07,3.92E-05
MIR891A,33.86125174,-0.512961796,0.102270315,-5.01574476,5.28E-07,4.06E-05
PHIP,80.16150239,-0.500729088,0.099910678,-5.011767512,5.39E-07,4.13E-05
RN7SL138P,133.6699774,-0.528024238,0.105477555,-5.006034123,5.56E-07,4.25E-05
ARHGAP10,45.47909686,-1.168935683,0.233555618,-5.004956391,5.59E-07,4.26E-05
PYHIN1,699.146009,-0.172266277,0.034457463,-4.999389431,5.75E-07,4.38E-05
KRT8P9,4.970668712,-0.778118101,0.155670376,-4.998498239,5.78E-07,4.39E-05
PARP15,477.6676407,0.498057028,0.099674726,4.996823633,5.83E-07,4.42E-05
MTCO1P24,2.570934148,1.158013228,0.231874567,4.994136445,5.91E-07,4.47E-05
SYS1,241.0961987,0.629298085,0.126027443,4.993341674,5.93E-07,4.48E-05
FBXO36,19.29266818,-0.871550678,0.174658254,-4.990034293,6.04E-07,4.54E-05
DNAJB6,156.0173036,-0.405238483,0.081224041,-4.989144557,6.06E-07,4.55E-05
RPL21P116,569.1759909,-0.180709443,0.036229835,-4.987862778,6.11E-07,4.58E-05
TBC1D20,509.7275329,0.612477068,0.122804057,4.987433484,6.12E-07,4.58E-05
IL9RP4,57.30175469,-0.361400984,0.072483403,-4.985982593,6.16E-07,4.59E-05
MYBL1,518.2587386,0.396772418,0.079585887,4.985462063,6.18E-07,4.59E-05
UTP3,857.8301588,-0.763144949,0.15307232,-4.985518932,6.18E-07,4.59E-05
CAMK4,622.3469803,-0.202852819,0.040701088,-4.983965486,6.23E-07,4.61E-05
CEP104,219.3863984,0.667118524,0.13386183,4.983635174,6.24E-07,4.61E-05
GLB1L3,6449.585498,0.359363633,0.072110977,4.983480318,6.25E-07,4.61E-05
MSH5,5149.698532,0.217297326,0.043667743,4.976152017,6.49E-07,4.78E-05
KCNE5,27568.55127,0.367515976,0.073870123,4.975163999,6.52E-07,4.79E-05
NACC1,85.46048686,0.467600922,0.094009166,4.973992873,6.56E-07,4.81E-05
KRTAP19.3,61.5785157,-0.337217343,0.067831146,-4.971423348,6.65E-07,4.87E-05
CDH19,5207.853514,0.383853812,0.077408086,4.958833534,7.09E-07,5.18E-05
RNU6.431P,131.5299625,0.469535922,0.094804991,4.952649802,7.32E-07,5.34E-05
NUBP1,177.7688557,-0.455931954,0.092127819,-4.948906386,7.46E-07,5.43E-05
ZNF564,27.76636457,-0.587586699,0.11879122,-4.946381549,7.56E-07,5.49E-05
ABI3,574.6046117,0.350145185,0.070845078,4.942406668,7.72E-07,5.59E-05
PRMT3,1466.608756,0.498192447,0.100870099,4.938950724,7.85E-07,5.68E-05
VAT1L,823.3104856,-0.244163264,0.049461842,-4.936396457,7.96E-07,5.74E-05
IER3IP1,3137.982507,0.378283866,0.076670571,4.93388614,8.06E-07,5.79E-05
REXO5,416.2940552,-0.25724998,0.052138054,-4.934015753,8.06E-07,5.79E-05
KLHL24,1986.487252,-0.48986648,0.099309074,-4.932746451,8.11E-07,5.81E-05
IGHV3.64,12.07819701,-0.485674637,0.098482763,-4.931569996,8.16E-07,5.83E-05
LMO7,1596.353397,0.206144991,0.041801955,4.931467652,8.16E-07,5.83E-05
CHRNE,1881.264715,-0.554504673,0.11251342,-4.928342539,8.29E-07,5.91E-05
SFTPB,663.5971039,-0.171422964,0.034809592,-4.924589798,8.45E-07,6.01E-05
TMEM79,3730.06502,0.542781916,0.110245491,4.92339334,8.51E-07,6.04E-05
AOX1,237.4738267,0.505146442,0.10264899,4.921104826,8.61E-07,6.09E-05
CCDC174,938.3280718,-0.166799473,0.033915364,-4.918109496,8.74E-07,6.16E-05
RPSAP15,21.31885498,-0.297685399,0.060523244,-4.918530098,8.72E-07,6.16E-05
AP3B2,800.7688478,0.343470829,0.069847727,4.91742314,8.77E-07,6.17E-05
SEPTIN4,785.1046771,-0.185560441,0.037757114,-4.914582282,8.90E-07,6.25E-05
YBEY,254.7135905,0.393031677,0.080028335,4.911156494,9.05E-07,6.35E-05
REXO1L9P,7.093467061,0.649813156,0.132396132,4.908097726,9.20E-07,6.43E-05
MBLAC2,36.92504801,-0.697984948,0.14227487,-4.905890599,9.30E-07,6.49E-05
DHX37,1077.455939,-0.200421892,0.040885631,-4.902012947,9.49E-07,6.60E-05
RASL12,630.2465933,-0.135105718,0.027560081,-4.90222503,9.48E-07,6.60E-05
EIF2S1,69.0639739,-0.405268868,0.082794061,-4.894902657,9.84E-07,6.82E-05
MIR3613,9.750314738,-0.366377971,0.074851188,-4.894751568,9.84E-07,6.82E-05
RNU6.464P,7.352903921,0.812784248,0.166145634,4.891998846,9.98E-07,6.90E-05
SLC12A6,1943.141544,0.38668315,0.079061036,4.890944605,1.00E-06,6.92E-05
USP45,112.5511387,-0.680104954,0.139229235,-4.884785549,1.04E-06,7.13E-05
PRR23A,27.04101609,-0.708394094,0.145046605,-4.883906744,1.04E-06,7.14E-05
RBM25,2201.768064,0.438658755,0.089820995,4.883699554,1.04E-06,7.14E-05
BAP1,7.472913803,-0.607644241,0.124450514,-4.882617361,1.05E-06,7.17E-05
SNORA11D,420.2048116,0.488793381,0.100122236,4.881966273,1.05E-06,7.18E-05
DNAJB11,306.3571989,-0.9902084,0.202926138,-4.879649361,1.06E-06,7.24E-05
RN7SL341P,6.497926972,0.909230299,0.186335196,4.879541376,1.06E-06,7.24E-05
CFAP73,330.0772957,-0.653187052,0.133884773,-4.878725457,1.07E-06,7.25E-05
CACNA1I,74301.00085,0.19856002,0.040743702,4.87339167,1.10E-06,7.44E-05
BBS1,148.521785,0.356533576,0.073175039,4.872338748,1.10E-06,7.46E-05
GARS1,569.5649502,0.19158327,0.039344473,4.869382038,1.12E-06,7.54E-05
MTTP,3413.785558,-0.207914757,0.042696483,-4.869599116,1.12E-06,7.54E-05
PSMB9,920.7829059,-0.187205202,0.03845036,-4.868750364,1.12E-06,7.55E-05
PPP2R2DP1,33.91746609,-0.80864158,0.16610608,-4.868223859,1.13E-06,7.56E-05
ST8SIA5,398.2968889,-0.20332841,0.041769638,-4.867851848,1.13E-06,7.56E-05
LINC00911,11.11783143,-0.6067307,0.124689652,-4.865926649,1.14E-06,7.60E-05
RILP,1627.038861,-0.204523102,0.042029351,-4.866196976,1.14E-06,7.60E-05
IMPG2,739.5370991,0.435035898,0.089436622,4.864180781,1.15E-06,7.64E-05
SMG1P3,1129.957811,0.465925638,0.095784667,4.864302925,1.15E-06,7.64E-05
ZNF577,373.4972487,-0.320370157,0.065891695,-4.862071845,1.16E-06,7.71E-05
BARX1,6814.400128,0.467118455,0.096127405,4.85936818,1.18E-06,7.78E-05
FGF5,271.2274051,-0.23281277,0.047903922,-4.859993908,1.17E-06,7.78E-05
CLEC3A,38.45293572,0.619727684,0.127651444,4.85484271,1.20E-06,7.93E-05
RAD9B,557.5842781,-0.16138433,0.033238777,-4.855302879,1.20E-06,7.93E-05
SPTA1,4238.698062,0.453102426,0.09337674,4.852412132,1.22E-06,8.02E-05
DPY19L1,3452.213389,0.327086068,0.067442797,4.849829541,1.24E-06,8.11E-05
CRYBG2,1035.407501,0.660411437,0.136223365,4.848004151,1.25E-06,8.14E-05
DTNB,4997.669367,0.416401521,0.085894892,4.84780309,1.25E-06,8.14E-05
FAM205BP,16.58594513,0.60364073,0.124494075,4.848750689,1.24E-06,8.14E-05
REEP6,297.6694153,0.379742757,0.078369098,4.845567523,1.26E-06,8.19E-05
TPST1,2093.021233,0.480192173,0.099081877,4.846417808,1.26E-06,8.19E-05
ZNF182,20485.42177,0.28691287,0.059211597,4.845551959,1.26E-06,8.19E-05
CHRNA10,784.3265103,-0.501326995,0.10359881,-4.83911924,1.30E-06,8.43E-05
LCORL,336.9763474,0.390652926,0.080725281,4.839288504,1.30E-06,8.43E-05
H1.6,387.9912789,-0.564620572,0.11671385,-4.837648418,1.31E-06,8.47E-05
OR4K1,4346.854188,-0.460095395,0.095113324,-4.837339055,1.32E-06,8.47E-05
CDH18.AS1,272.5819252,-0.260700453,0.053912784,-4.835596191,1.33E-06,8.50E-05
GSTM5,6.161805202,-0.811186154,0.167736937,-4.836061575,1.32E-06,8.50E-05
ISOC1,1368.89347,-0.183869716,0.038017514,-4.836447671,1.32E-06,8.50E-05
CEP162,4733.286635,0.217009552,0.044888501,4.834412984,1.34E-06,8.54E-05
SACS,2284.061131,0.189723437,0.039252503,4.833409853,1.34E-06,8.56E-05
DGCR2,2709.01436,0.419818655,0.086883216,4.831987996,1.35E-06,8.61E-05
PRB4,4.4886273,-0.997910716,0.206724764,-4.827243231,1.38E-06,8.78E-05
RABEPK,21.81860279,-0.807424105,0.167246935,-4.827736345,1.38E-06,8.78E-05
RNA5SP466,14.40412659,-0.965512311,0.200086818,-4.82546687,1.40E-06,8.85E-05
TEFM,1380.926684,0.695603849,0.14422273,4.823122196,1.41E-06,8.90E-05
TXNDC9,362.6423036,-0.450804306,0.093451117,-4.823958436,1.41E-06,8.90E-05
UGT3A2,31.62210265,-0.519008413,0.107599471,-4.823521972,1.41E-06,8.90E-05
LPAR5,93.5017662,0.575325076,0.119398169,4.81854188,1.45E-06,9.07E-05
ZNF317,5272.379923,-0.22222943,0.046122702,-4.818222291,1.45E-06,9.07E-05
ZNF638,19.07724908,-0.587131058,0.121843764,-4.818720603,1.44E-06,9.07E-05
KCNJ4,647.1810533,-0.375777222,0.077997603,-4.81780472,1.45E-06,9.08E-05
EZR,552.9454544,-0.56931328,0.118234992,-4.815099731,1.47E-06,9.18E-05
ART2P,1.474592577,-1.468087459,0.305154838,-4.810959151,1.50E-06,9.36E-05
LCE3D,182.3204591,0.528897336,0.109958701,4.809963502,1.51E-06,9.39E-05
STON1,6668.009546,0.386227038,0.08037456,4.805339362,1.54E-06,9.59E-05
HSPD1,5834.929814,-0.757524869,0.157733078,-4.80257458,1.57E-06,9.69E-05
MBD4,182.4574886,-0.216993068,0.045179955,-4.802861525,1.56E-06,9.69E-05
CRYAB,17.13478893,-0.664582618,0.138402854,-4.80179851,1.57E-06,9.71E-05
ANXA1,2358.595968,0.293458419,0.061150972,4.798916632,1.60E-06,9.84E-05
RALY,20.72455656,0.650563757,0.135636493,4.796376995,1.62E-06,9.94E-05
MC4R,5832.944224,-0.288319133,0.060155338,-4.792910225,1.64E-06,0.000100989
LAMA3,11818.5975,0.473412028,0.09879928,4.791654621,1.65E-06,0.000101444
SMAD5,8066.446862,0.407183731,0.084993247,4.790777425,1.66E-06,0.000101709
AK9,2507.349398,0.249985828,0.052208941,4.788180407,1.68E-06,0.000102852
PLP2,383.4779576,-0.498458804,0.10414909,-4.786012098,1.70E-06,0.000103787
MET,9073.335264,0.405003479,0.084667496,4.783458804,1.72E-06,0.000104931
H4C5,8.043398374,-0.736971891,0.154106188,-4.782234268,1.73E-06,0.000105387
CREB3L2,1279.339011,-0.156776622,0.032794217,-4.780617996,1.75E-06,0.000106053
RNU1.97P,2.539152865,-0.957237977,0.200373259,-4.777274094,1.78E-06,0.000107643
DACT1,26.68321489,1.002294305,0.209863085,4.775943826,1.79E-06,0.000108169
DCK,180.9145253,-0.382050706,0.080071056,-4.7713959,1.83E-06,0.000110257
EVC2,839.1096581,0.455114976,0.095377533,4.771720983,1.83E-06,0.000110257
HOXC12,19953.23067,0.294946231,0.061843914,4.769203804,1.85E-06,0.00011115
NFAM1,2.822359178,-0.771598106,0.161792002,-4.769074468,1.85E-06,0.00011115
LINC02290,8.165536811,-0.607659061,0.127444726,-4.768020468,1.86E-06,0.00011154
COL1A1,4260.553935,0.157378894,0.033017123,4.766584132,1.87E-06,0.000112132
SRGN,196.8058786,0.580427363,0.121778341,4.76626104,1.88E-06,0.000112132
DPP10.AS1,9.919019402,0.620902516,0.13033165,4.76401947,1.90E-06,0.000113191
DEFA1,11.91401215,-0.498381666,0.104757811,-4.757465431,1.96E-06,0.000116727
CEP41,1073.675675,-0.251222687,0.052816026,-4.756561725,1.97E-06,0.00011705
BET1,783.1692269,0.693318267,0.145772093,4.756179683,1.97E-06,0.000117072
ORMDL3,217.5774614,-0.271538571,0.057103258,-4.755220281,1.98E-06,0.000117429
RSPO4,15.80095732,0.468525776,0.098563084,4.753562442,2.00E-06,0.000118195
VN1R9P,4.61079242,-0.530652615,0.111694689,-4.750920735,2.02E-06,0.000119546
DUSP7,6246.673739,-0.172132898,0.036235017,-4.750457246,2.03E-06,0.000119593
SLAIN1,87.13674685,-0.457223227,0.096254358,-4.750156095,2.03E-06,0.000119593
LINC01467,20.25445712,-0.425148793,0.089616997,-4.74406429,2.09E-06,0.00012304
LTBP1,6852.429366,0.371188917,0.078257772,4.743157237,2.10E-06,0.000123244
TAS2R10,3506.473686,-0.280946147,0.059233271,-4.743046323,2.11E-06,0.000123244
APOA2,20.10352296,-0.599346083,0.126596846,-4.734289197,2.20E-06,0.00012847
HTR1E,922.3375012,-0.173091962,0.036570554,-4.7330965,2.21E-06,0.00012901
SEZ6L2,2306.214014,0.3752962,0.079302973,4.732435459,2.22E-06,0.000129215
NSMCE3,2200.564435,-0.210591793,0.044519178,-4.730361268,2.24E-06,0.000130324
PARP4P1,8.793093912,-0.411512639,0.087070997,-4.726173491,2.29E-06,0.000132817
CIR1,26.93729783,0.43683792,0.09243892,4.725692572,2.29E-06,0.00013291
IL12A,2777.396871,0.257303412,0.054468768,4.723870572,2.31E-06,0.000133883
C1orf194,450.9739666,0.330193754,0.069948561,4.720522456,2.35E-06,0.000135655
SNIP1,1208.097948,-0.161606075,0.034232903,-4.720782139,2.35E-06,0.000135655
BAIAP3,1134.304702,-0.42814877,0.090721219,-4.719389502,2.37E-06,0.000136187
PLBD1,790.5876994,0.369722054,0.078403638,4.715623692,2.41E-06,0.000138501
NOS2,709.4677747,-0.661356622,0.14028005,-4.71454511,2.42E-06,0.000138778
RIPOR1,3360.972541,0.178453106,0.037851056,4.714613703,2.42E-06,0.000138778
C2CD4C,3093.975982,-0.42097173,0.089301954,-4.714025993,2.43E-06,0.000138903
KRT18P56,10.28953404,-0.525187992,0.111433808,-4.713004096,2.44E-06,0.000139373
PSRC1,548.2270113,0.449136775,0.095321898,4.711790076,2.46E-06,0.000139976
GMPPB,140.5478729,-0.643336246,0.136549035,-4.711393563,2.46E-06,0.000140019
RSAD1,524.837671,0.332297673,0.070573839,4.708510639,2.50E-06,0.000141781
NPW,436.8292958,0.373100247,0.079295269,4.70520189,2.54E-06,0.000143865
CUZD1,864.6324406,0.518942519,0.110302094,4.704738617,2.54E-06,0.000143958
TMPRSS2,25.19805352,-0.557126794,0.118510079,-4.701092094,2.59E-06,0.000146314
TMEM154,181.5746115,0.438113684,0.093200805,4.700749981,2.59E-06,0.000146322
EP300.AS1,23.34587929,-0.703266185,0.149663156,-4.698993431,2.61E-06,0.000147347
ASPG,44.16571564,-0.219946247,0.04681323,-4.698377952,2.62E-06,0.000147552
SEPTIN3,599.7347334,-0.34980398,0.074457539,-4.698033053,2.63E-06,0.000147563
BCS1L,2028.38288,0.339588283,0.072294306,4.69730333,2.64E-06,0.000147733
MTMR7,81.8933533,-0.3200782,0.06814388,-4.697093834,2.64E-06,0.000147733
VPS45,293.6921119,0.663735076,0.141316161,4.696809407,2.64E-06,0.000147733
CES3,137.7749296,-0.23552763,0.05016253,-4.695290142,2.66E-06,0.000148573
RFPL3S,512.9130676,-0.511646824,0.108977069,-4.69499528,2.67E-06,0.000148573
CATSPER1,346.1100045,-0.501753719,0.106953212,-4.69133849,2.71E-06,0.00015085
HPSE,442.306506,-0.566095806,0.120671077,-4.691230233,2.72E-06,0.00015085
ANKUB1,43.39552246,-0.851960558,0.18162685,-4.69071923,2.72E-06,0.000150986
RASAL2,28.66404631,-0.534496627,0.114028733,-4.687385473,2.77E-06,0.000153221
APOBEC3B.AS1,792.6299028,0.383114465,0.081766406,4.685475181,2.79E-06,0.000154412
CDC40,2548.500614,0.376834847,0.080449958,4.684090008,2.81E-06,0.000154721
GPR45,284.2664397,-0.25654694,0.054765586,-4.684455342,2.81E-06,0.000154721
LINC01163,1.774525092,-0.855578378,0.182648817,-4.684280979,2.81E-06,0.000154721
UBE3A,2606.627003,-0.202916562,0.043325708,-4.683514057,2.82E-06,0.000154912
TBXT,39.01212329,-0.379059642,0.080996501,-4.679950825,2.87E-06,0.00015738
NOXA1,77.39981202,-0.669988409,0.143175874,-4.679478396,2.88E-06,0.000157495
OR52E8,62.57293816,-0.783373426,0.167452985,-4.678169375,2.89E-06,0.000158254
FOXN1,2703.483719,0.324853408,0.069458495,4.676942785,2.91E-06,0.000158953
THSD7A,503.6048024,0.457872082,0.097908001,4.676554269,2.92E-06,0.000159005
ESF1,261.5432574,0.34156214,0.073046856,4.675932105,2.93E-06,0.000159238
RN7SL580P,43.27438627,-0.610874525,0.130869296,-4.667821595,3.04E-06,0.000165395
PCDH10,1041.623678,0.360590442,0.077269788,4.66664208,3.06E-06,0.000166087
CDC26,36.90780185,-0.472854197,0.101343222,-4.665869004,3.07E-06,0.000166453
MIR205HG,3.065547848,0.749749551,0.160726516,4.66475334,3.09E-06,0.000167098
FBXL5,12158.35352,0.407399117,0.087356974,4.663612975,3.11E-06,0.000167766
MAP3K3,583.3678598,-0.283416903,0.060824283,-4.659601223,3.17E-06,0.000170804
LRFN2,13.8467016,0.50813054,0.109090054,4.657899812,3.19E-06,0.000171689
USP1,3946.869402,0.381019926,0.08179663,4.65813724,3.19E-06,0.000171689
LAMC2,30270.71977,0.458059843,0.098383142,4.655877339,3.23E-06,0.000173116
RPL12P22,7.586838988,0.512049826,0.109991278,4.655367553,3.23E-06,0.000173277
REPS1,906.2408438,-0.172948189,0.037163745,-4.653680359,3.26E-06,0.000174433
FBXO4,139.6130672,0.478463414,0.102874889,4.65092518,3.30E-06,0.000176299
GAPDHP76,82.18923558,-0.196048191,0.042153165,-4.650853447,3.31E-06,0.000176299
GNAI2,2.868859585,-0.77573598,0.166823947,-4.65002772,3.32E-06,0.000176735
EPAS1,18.30100765,-0.719709838,0.154799736,-4.649296298,3.33E-06,0.000177092
FAM117B,68.16204426,-0.426557958,0.09177228,-4.648004381,3.35E-06,0.000177933
ABLIM3,683.9590457,-0.183609737,0.039545582,-4.642989893,3.43E-06,0.00018203
CASR,197.1401497,-0.716051997,0.154302921,-4.640560219,3.47E-06,0.000183624
EHD2,7190.697509,0.302575984,0.06520234,4.640569389,3.47E-06,0.000183624
NBEAL1,422.1700672,0.380323527,0.082039259,4.635872292,3.55E-06,0.00018755
LONRF3,419.6990882,0.287257736,0.061990937,4.633866686,3.59E-06,0.00018909
CCDC122,4.462444533,0.508216131,0.109793241,4.628847169,3.68E-06,0.000193438
MTCYBP7,17.12412625,0.705492722,0.152434245,4.628177367,3.69E-06,0.000193772
CTSB,2609.74339,0.336313213,0.072698261,4.626152082,3.73E-06,0.00019538
ADAM21,3611.245691,0.335891066,0.072642679,4.623880504,3.77E-06,0.000197236
ABCC9,560.9291775,0.447621084,0.096831675,4.622672097,3.79E-06,0.00019809
SNORA2A,238.0224818,-0.515738892,0.111638363,-4.619728195,3.84E-06,0.00020062
ANKRD16,2.543619447,-1.093484016,0.236720925,-4.61929598,3.85E-06,0.000200737
HOXC11,163.2008444,0.351802131,0.076178003,4.618159022,3.87E-06,0.000201236
LILRB5,1432.068993,-0.171381808,0.03710937,-4.61828939,3.87E-06,0.000201236
CORIN,170.8027496,-0.579710339,0.125636869,-4.614173702,3.95E-06,0.00020483
LSM6,3380.13354,0.344555693,0.074694507,4.612865219,3.97E-06,0.000205817
C5orf15,2657.827457,0.26835942,0.058195694,4.611327807,4.00E-06,0.000207036
GCSHP2,32.10480463,-0.41638756,0.090363116,-4.607937182,4.07E-06,0.000210128
HCG9,1051.509229,-0.161049217,0.034958135,-4.606916757,4.09E-06,0.000210848
ATCAY,68.83872609,-0.540416286,0.117327284,-4.606058112,4.10E-06,0.000210892
ERICH6,933.935364,-0.144509965,0.031371128,-4.606463833,4.10E-06,0.000210892
MARCKS,77.89027071,0.559614698,0.121498241,4.605948962,4.11E-06,0.000210892
CLCA4.AS1,259.8095971,0.379630795,0.082451547,4.604289531,4.14E-06,0.000212267
CLTB,42.53128861,0.421371093,0.091545683,4.60285049,4.17E-06,0.000213111
DDX17,232.1483646,-0.376863987,0.081875086,-4.602914093,4.17E-06,0.000213111
TSC2,5262.948543,0.361264583,0.078492915,4.602512006,4.17E-06,0.000213144
CCDC171,1451.397372,0.393421755,0.085525969,4.600026887,4.22E-06,0.000215387
DENND6B,1753.997416,0.232081328,0.050472619,4.598162944,4.26E-06,0.000217004
PI4KAP2,1400.178033,-0.197065109,0.042875529,-4.596214091,4.30E-06,0.000218722
TMEM121,723.4619735,-0.189752465,0.041305229,-4.593909034,4.35E-06,0.000220831
CD82,19340.30658,0.229099957,0.049911243,4.590147326,4.43E-06,0.000224521
CICP12,5.019956434,-1.32707524,0.289166562,-4.589310855,4.45E-06,0.000225094
PTTG1IP,878.395675,0.452563114,0.098735045,4.583611757,4.57E-06,0.000230984
STX2,979.4544865,-0.168363431,0.03674979,-4.581343991,4.62E-06,0.000233164
DHX36,109.3108842,-0.435284869,0.095021355,-4.580916269,4.63E-06,0.000233303
ARFGAP1,49.95799735,0.645449031,0.140962116,4.578882944,4.67E-06,0.000234225
CMSS1,210.7849821,-0.202527428,0.044223957,-4.579586294,4.66E-06,0.000234225
FIBIN,252.0033805,-0.496075124,0.108332508,-4.579189872,4.67E-06,0.000234225
SFRP5,3152.73028,-0.201843387,0.044079308,-4.579096125,4.67E-06,0.000234225
TOMM5,217.6823594,-0.226154462,0.049398403,-4.578173544,4.69E-06,0.000234682
PEAK1,604.2404847,0.521989359,0.114070293,4.576032442,4.74E-06,0.000236755
WBP2,5815.104065,-0.125766875,0.027510011,-4.571676608,4.84E-06,0.000241384
INTS6.AS1,70.84210255,-0.242064667,0.052955322,-4.571111221,4.85E-06,0.00024169
SPNS2,11005.25983,0.281076245,0.061510478,4.569566915,4.89E-06,0.000243129
UCP1,2494.331045,-0.166328488,0.036407079,-4.568575437,4.91E-06,0.000243933
EIF3KP1,323.0327083,0.398833155,0.087328048,4.567068237,4.95E-06,0.000245342
LINC02108,4.819634748,0.808269533,0.177026403,4.565813462,4.98E-06,0.000246463
FAM25A,4.412207838,-0.625461158,0.137096154,-4.562207905,5.06E-06,0.000249668
RN7SKP298,3.712848351,-0.910856936,0.199641377,-4.562465703,5.06E-06,0.000249668
SMARCA4,1129.405353,-0.266671467,0.058445207,-4.562760253,5.05E-06,0.000249668
LINC02675,3.960473384,-0.552369872,0.121164782,-4.558831882,5.14E-06,0.000253355
ZNF581,1644.494287,0.331767816,0.072792508,4.55771926,5.17E-06,0.00025434
HHLA2,1320.678186,0.29644539,0.065101877,4.55356131,5.27E-06,0.000258326
LHFPL2,4019.948964,0.29706299,0.065235466,4.553703843,5.27E-06,0.000258326
PLD5,127.7886049,0.419399015,0.092091866,4.554137443,5.26E-06,0.000258326
ZNF202,1021.99233,-0.676071652,0.14848398,-4.553162232,5.28E-06,0.000258452
BTN3A3,14909.2228,0.449521006,0.09878434,4.550529023,5.35E-06,0.00026103
TMEM14C,67.83699588,-0.371330295,0.08160237,-4.550484205,5.35E-06,0.00026103
SSTR4,1902.084356,-0.200653074,0.044101471,-4.549804608,5.37E-06,0.000261507
CYCSP11,133.2068244,-0.481813797,0.105933842,-4.54825188,5.41E-06,0.000263075
CNGA4,2146.899233,-0.214503926,0.047171977,-4.547274483,5.43E-06,0.00026393
USF2,67.22066732,0.481161819,0.10587634,4.544564157,5.50E-06,0.000266976
OR10J3,818.1302152,-0.232637182,0.051202542,-4.543469371,5.53E-06,0.000267994
CCDC152,175.90226,0.567077242,0.124865325,4.541510971,5.59E-06,0.000270119
TTLL6,37.56022652,-0.500952413,0.110317442,-4.541008237,5.60E-06,0.000270388
RAPH1,5890.135027,0.114529323,0.025231851,4.539077375,5.65E-06,0.000272497
INTS6,561.5237838,0.259857501,0.057281351,4.536511387,5.72E-06,0.00027545
TULP1,680.8686958,-0.188944923,0.041667168,-4.53462362,5.77E-06,0.000277541
TMEM143,840.5155864,0.303642166,0.066973556,4.533762024,5.79E-06,0.000278291
UBE4A,3463.495069,0.251184721,0.055414816,4.532808014,5.82E-06,0.000279166
CDCP1,13.88952101,0.70767605,0.156228815,4.529740868,5.91E-06,0.000281369
EPHB1,381.7396829,-0.303545231,0.067009839,-4.529860618,5.90E-06,0.000281369
FAM160A1,2842.939292,0.381363485,0.084197222,4.529406961,5.91E-06,0.000281369
PHBP11,38.59267239,0.304947069,0.067310049,4.530483571,5.88E-06,0.000281369
SLCO1B3,1141.342969,-0.266877068,0.058916056,-4.529785048,5.90E-06,0.000281369
TMEM220.AS1,18.99740424,-0.434818558,0.095997876,-4.529460208,5.91E-06,0.000281369
LINC02044,3.355804119,0.529939424,0.117025562,4.528407426,5.94E-06,0.000282316
MPC1,1436.002899,-0.201970318,0.044642404,-4.524181073,6.06E-06,0.000287623
INSYN1,6.05194447,0.614854985,0.136282866,4.511608856,6.43E-06,0.000304798
PGAM1,15.52963376,-0.493656921,0.109523555,-4.507312793,6.57E-06,0.00031061
RING1,87.68305665,-0.723930385,0.160690649,-4.505118321,6.63E-06,0.00031341
PHLDB1,2716.125704,0.263980611,0.058630909,4.502413754,6.72E-06,0.000316996
CXorf38,995.5604008,0.814144794,0.180915098,4.500148432,6.79E-06,0.000318234
FBLN2,176.6848742,-0.685580243,0.15232864,-4.500665412,6.77E-06,0.000318234
FBXL22,20.86547404,0.787440048,0.174975362,4.500291004,6.79E-06,0.000318234
NAT10,266.6748725,0.273961852,0.060875968,4.500328498,6.78E-06,0.000318234
SLC10A4,231.9573503,-0.277955368,0.061755005,-4.500936717,6.77E-06,0.000318234
COL10A1,2638.364721,-0.145813513,0.032410016,-4.499026238,6.83E-06,0.000318821
RASIP1,1305.331379,-0.481430138,0.107010662,-4.498898812,6.83E-06,0.000318821
RPS2P4,104.8104212,0.38149456,0.084790198,4.49927669,6.82E-06,0.000318821
FNDC4,5005.025993,0.447744732,0.099556913,4.497374612,6.88E-06,0.000320684
TNIK,140.6134881,0.436236727,0.097048884,4.495020534,6.96E-06,0.000323385
ZNF324,976.9308447,-0.35780949,0.079598781,-4.495162933,6.95E-06,0.000323385
ANKMY2,91.85743056,0.537320334,0.119554777,4.494344317,6.98E-06,0.000323981
CHST6,1509.296089,-0.293666815,0.065351681,-4.493638298,7.00E-06,0.000324625
NFKBID,5576.963963,0.327575772,0.072904777,4.493200387,7.02E-06,0.00032486
SNORD54,98.13693891,-0.213024524,0.047442071,-4.490202834,7.12E-06,0.000328847
ZNF100,26.47129947,-0.563050219,0.125399912,-4.490036793,7.12E-06,0.000328847
C6orf118,3468.568,0.234385326,0.052214371,4.488904487,7.16E-06,0.000330007
DCST1,641.874928,-0.146933886,0.032734018,-4.488721347,7.17E-06,0.000330007
DUTP7,70.85085893,-0.325676469,0.072560753,-4.488328158,7.18E-06,0.000330179
ZNF25,177.9703134,-0.228381308,0.050888173,-4.487905466,7.19E-06,0.000330398
PGBD5,3085.805029,-0.103398122,0.02304415,-4.48695759,7.22E-06,0.000331433
MIR4445,2.389180423,-0.686080306,0.152926981,-4.48632611,7.25E-06,0.000331978
EPB41,19.69572717,-0.547071922,0.1220105,-4.483810177,7.33E-06,0.000335477
CCDC61,2017.745581,-0.148771391,0.033181774,-4.483527328,7.34E-06,0.00033548
MT3,17219.44974,0.403205035,0.089970755,4.481512169,7.41E-06,0.000337914
WNT9B,2165.578522,-0.301588707,0.067297491,-4.481425704,7.41E-06,0.000337914
ADCK5,319.5691096,0.409306322,0.091379695,4.47918242,7.49E-06,0.000340428
BAZ2A,2168.677361,0.200621208,0.044791457,4.479006099,7.50E-06,0.000340428
SERF1A,331.309447,-0.191868313,0.042832476,-4.479505542,7.48E-06,0.000340428
DPY19L2,40.71112156,-0.499034618,0.11144968,-4.47766756,7.55E-06,0.000342122
RNU1.153P,7.85439038,-0.46963371,0.104916993,-4.476240641,7.60E-06,0.000343967
GOLGA8R,2567.581323,-0.324350889,0.072486465,-4.474640729,7.65E-06,0.000345652
ZDHHC12,15.8700542,-0.991886283,0.221663228,-4.474744378,7.65E-06,0.000345652
IL5RA,3401.701675,-0.144920323,0.032391752,-4.473988389,7.68E-06,0.000346259
RTN4IP1,1887.597232,-0.178953641,0.0400089,-4.472845843,7.72E-06,0.000347664
MYCT1,175.2016988,-0.432823436,0.096808954,-4.470902935,7.79E-06,0.000349971
USH2A,39.75468414,-0.44897033,0.100421052,-4.470878594,7.79E-06,0.000349971
OR4S2,5.394824928,-0.806160716,0.180421577,-4.468205685,7.89E-06,0.000353915
KCNK16,586.6069567,0.341630194,0.076507007,4.465345175,7.99E-06,0.000358215
BAGE2,71.79244704,-0.511850608,0.114727626,-4.461441626,8.14E-06,0.000364334
EEF1A1P21,19.00437001,-0.297458403,0.066691744,-4.460198327,8.19E-06,0.000365513
RESP18,7594.493,-0.168049935,0.037677547,-4.460214318,8.19E-06,0.000365513
ACSL5,5.612657382,0.581809007,0.130537402,4.457029169,8.31E-06,0.000370481
SPATA6,181.1807219,-0.332108282,0.074521433,-4.456547163,8.33E-06,0.000370839
RNU6.445P,6.602551009,-0.504001145,0.113109693,-4.455861655,8.36E-06,0.00037155
CAPSL,16937.60998,0.256411067,0.057585406,4.452709217,8.48E-06,0.000376568
SPDYE20P,22.97976772,-0.610063202,0.137063801,-4.450943272,8.55E-06,0.000379194
RNF123,507.4996401,-0.257460667,0.057863224,-4.449469813,8.61E-06,0.000380833
ZNF239,2782.939038,0.271293983,0.060968851,4.449714569,8.60E-06,0.000380833
CHRDL2,505.5826798,0.628271235,0.14124119,4.448215389,8.66E-06,0.000382577
GAPDHP24,30.16806026,-0.33738828,0.07589851,-4.445255647,8.78E-06,0.00038739
LHX8,971.8943175,-0.157919033,0.035533643,-4.444211747,8.82E-06,0.000388782
EGOT,1.574590615,-1.551790349,0.349532526,-4.439616445,9.01E-06,0.000396673
RAP1A,7028.826558,-0.139355386,0.031390992,-4.439343114,9.02E-06,0.000396675
SLC1A5,39.41191697,-0.772950799,0.174164796,-4.438042696,9.08E-06,0.000398575
IPP,4278.985399,0.271945836,0.061292391,4.436861267,9.13E-06,0.000400263
FAM197Y8,17.20839545,-0.863437158,0.194631914,-4.436256832,9.15E-06,0.000400882
CRTC3,5578.50452,0.272966377,0.061573027,4.433213561,9.28E-06,0.000406074
EML1,916.9200138,0.314744712,0.071008399,4.432499733,9.31E-06,0.000406909
CCN5,264.4560394,0.626948627,0.14146573,4.431805703,9.34E-06,0.000407709
DONSON,703.2928873,-0.184849787,0.041716865,-4.431056525,9.38E-06,0.000407812
GPN1,346.9766426,-0.202629645,0.045730613,-4.430940967,9.38E-06,0.000407812
SSX2IP,457.0381489,0.478096047,0.107896899,4.431045286,9.38E-06,0.000407812
PRSS23,8.897822222,-0.603282372,0.136163857,-4.430561716,9.40E-06,0.00040802
AQP7P5,7.128634311,-0.442493192,0.099900651,-4.429332396,9.45E-06,0.000409841
PAX6,266.5976283,-0.335427114,0.075760322,-4.427477397,9.53E-06,0.000412866
ROGDI,1834.787827,-0.198622946,0.044874148,-4.426222143,9.59E-06,0.000414758
IGSF6,1920.86623,0.314245178,0.071000986,4.425926977,9.60E-06,0.00041481
COA6,44.52755187,0.448947131,0.101590945,4.419164811,9.91E-06,0.000427471
SEC24D,1728.274123,-0.221932806,0.050229621,-4.418365123,9.95E-06,0.000428524
CCDC77,3530.558978,0.328863235,0.074455403,4.416915672,1.00E-05,0.000430872
SHCBP1,576.2665248,-0.118963955,0.026937495,-4.416296159,1.00E-05,0.000431574
FHL2,1014.267906,-0.538814783,0.122026762,-4.415546032,1.01E-05,0.000432539
DUXAP8,13.50894251,-0.353820724,0.08015685,-4.414104616,1.01E-05,0.000434361
EIF4A1P9,23.35484795,-0.31870189,0.072200821,-4.414103381,1.01E-05,0.000434361
PRM2,121.9889256,0.505164745,0.11453829,4.410444268,1.03E-05,0.000440721
USP17L23,50.12116299,0.844153433,0.191399585,4.410424572,1.03E-05,0.000440721
GPATCH2,697.6272395,0.402333896,0.091258765,4.408715114,1.04E-05,0.000443668
COL22A1,533.1853304,-0.163612817,0.037117097,-4.408017614,1.04E-05,0.000444397
DAPK1,5.470650424,-0.700104534,0.158841096,-4.407578078,1.05E-05,0.000444397
OR7E29P,746.4869942,0.33201272,0.075327951,4.40756338,1.05E-05,0.000444397
QTRT2,2692.255376,-0.243756831,0.055312677,-4.406889081,1.05E-05,0.000445238
SLC2A3,2016.754685,0.37338272,0.084765925,4.404868096,1.06E-05,0.000448861
KRT40,78.97069631,-0.438208401,0.099548308,-4.401967358,1.07E-05,0.000454352
DDIT3,2.152754091,-0.863354625,0.196184823,-4.400720761,1.08E-05,0.000456414
GRB7,34.09060887,-0.430310061,0.097811261,-4.399391797,1.09E-05,0.00045866
YPEL5P2,5.665815486,-0.493167585,0.112131286,-4.398126547,1.09E-05,0.000460782
MED8.AS1,57.49637852,-0.236866894,0.053866215,-4.39731833,1.10E-05,0.000461939
IGF1R,2251.980055,-0.129566635,0.029468162,-4.396834635,1.10E-05,0.000462409
ZSCAN5C,861.1533329,-0.172274147,0.039207086,-4.393954364,1.11E-05,0.000468015
MIR4270,32.76701276,0.357812683,0.081468704,4.392026231,1.12E-05,0.000471616
CKAP2,886.0276948,0.298090273,0.067937796,4.387694212,1.15E-05,0.000480525
RPS14P4,21.61174997,-0.348576184,0.079478166,-4.385810619,1.16E-05,0.000483536
SLC52A2,125.3546916,0.788722024,0.179833854,4.385837284,1.16E-05,0.000483536
WDR64,65.48799895,-0.582645783,0.132916773,-4.383538438,1.17E-05,0.000488022
SREBF2.AS1,690.1495876,0.422737146,0.096445521,4.383170316,1.17E-05,0.000488261
UCN,1013.216776,-0.135914318,0.03101508,-4.382201171,1.17E-05,0.000489782
UFSP2,138.7361745,-0.220040056,0.050214868,-4.381970204,1.18E-05,0.000489782
PANX3,50.4409418,-0.480335142,0.109656096,-4.380377931,1.18E-05,0.000492785
PLEKHA7,30.81698708,-0.454267641,0.103721833,-4.37967233,1.19E-05,0.000493793
DCAF12L1,386.3151688,0.36792028,0.084024077,4.378748223,1.19E-05,0.000495299
PROKR1,1384.81285,0.322894184,0.073761033,4.377571354,1.20E-05,0.000497387
GALNT15,990.5887973,-0.168527149,0.0385068,-4.376555554,1.21E-05,0.000498521
RPSAP6,6583.548278,-0.205965542,0.047058916,-4.376759196,1.20E-05,0.000498521
MIER2,2960.124241,-0.224068768,0.051204299,-4.375975704,1.21E-05,0.000499255
C3orf20,2042.154058,-0.196394041,0.04488307,-4.375682,1.21E-05,0.000499334
BOD1P2,4.316592636,-0.915561718,0.209316959,-4.374044609,1.22E-05,0.0005025
SEMA3F,3909.63159,-0.256149814,0.05856944,-4.373437966,1.22E-05,0.000503303
LINC02258,615.3359454,0.389308003,0.089029998,4.372773338,1.23E-05,0.000504238
REG3A,270.2563553,0.224583345,0.051362484,4.372517243,1.23E-05,0.000504238
RAB15,199.3600961,0.327126062,0.074849838,4.370431108,1.24E-05,0.000508479
PRKAG3,1200.786908,-0.511218396,0.116985113,-4.369944036,1.24E-05,0.000509014
BTBD9,28.05802403,0.605747564,0.138676111,4.368074343,1.25E-05,0.000512787
H2AC13,242.0800716,0.507409513,0.116205674,4.366477934,1.26E-05,0.000515632
SHBG,1185.284122,-0.413640798,0.094733736,-4.366351592,1.26E-05,0.000515632
LINC01916,76.05687654,0.608591558,0.139499655,4.362674276,1.28E-05,0.000523764
THSD7B,16.21028593,0.661705648,0.151724806,4.361222569,1.29E-05,0.000526635
RPUSD4,297.951901,0.455833091,0.104558591,4.359594817,1.30E-05,0.000529947
REV1,651.8338414,0.494909275,0.113545884,4.358672097,1.31E-05,0.000531564
LHX5,31.6467039,-0.462909005,0.10622708,-4.35773068,1.31E-05,0.000533232
IGKV2OR2.10,10.80762046,-0.46814013,0.107478718,-4.3556542,1.33E-05,0.000537685
KRTAP21.3,51.6847448,0.581922676,0.133651888,4.35401764,1.34E-05,0.000541086
BBS10,8315.911485,0.296591996,0.068170098,4.350763851,1.36E-05,0.00054854
DNAAF4.CCPG1,16.6825789,-0.533796745,0.122730004,-4.349358178,1.37E-05,0.000551427
ARID3C,27.20499394,-0.812627095,0.186954027,-4.346668046,1.38E-05,0.000557583
PSMA2,1070.140643,0.34838133,0.080156033,4.346289583,1.38E-05,0.000557898
TRDN,47.75208676,-0.472277981,0.108737818,-4.343272557,1.40E-05,0.000564964
RPL22P11,75.34439701,-0.46137045,0.106237818,-4.342808042,1.41E-05,0.000565506
RPS24P16,7.361667491,-0.716687706,0.1650397,-4.342517016,1.41E-05,0.000565602
NUMBL,1490.019497,-0.123783559,0.028507892,-4.342080338,1.41E-05,0.000566074
NELFA,138.7686296,-0.487019634,0.112202026,-4.34056007,1.42E-05,0.000569348
ZNF827,8938.170706,-0.322789096,0.074437395,-4.336383572,1.45E-05,0.000579601
PAQR8,978.2650837,-0.209860068,0.048401294,-4.335835928,1.45E-05,0.000580378
RNF112,119.3413865,-0.378458159,0.087293573,-4.335464196,1.45E-05,0.000580693
MIIP,334.0911138,0.523097923,0.120705648,4.333665685,1.47E-05,0.000584788
NLRP6,64.35069525,0.407349385,0.094006576,4.33320095,1.47E-05,0.000585353
STXBP1,932.7399533,-0.264521951,0.061049199,-4.33293075,1.47E-05,0.000585401
IL18BP,15.04157672,-0.929756519,0.214630015,-4.331903526,1.48E-05,0.000587468
APIP,1653.674087,-0.146745485,0.033882885,-4.330961897,1.48E-05,0.000588671
MRC2,5658.118658,0.321155849,0.074153663,4.330950557,1.48E-05,0.000588671
TMEM30A,5638.73441,-0.198220527,0.045773247,-4.330488685,1.49E-05,0.000589235
LINC02333,42.33054457,-0.455602177,0.105240502,-4.329152462,1.50E-05,0.000592147
AAR2,2599.931577,0.418567015,0.096711754,4.327984947,1.50E-05,0.000594564
ABTB2,110.042233,-0.67261088,0.155417986,-4.32775444,1.51E-05,0.000594564
FGA,997.3776344,0.253304984,0.058539476,4.327079759,1.51E-05,0.000595711
TRAV3,1887.955262,0.401651574,0.092840218,4.326267032,1.52E-05,0.000597182
USP17L18,1.597271328,-0.547498703,0.126558937,-4.326037456,1.52E-05,0.000597182
MPP4,1190.429357,0.394139936,0.091132218,4.324924212,1.53E-05,0.000599527
CFHR5,7631.105001,0.218304729,0.050490435,4.323684826,1.53E-05,0.000602226
KCTD16,14.106873,-0.534273955,0.123647359,-4.320949177,1.55E-05,0.000609055
CLPB,1189.968544,-0.211651479,0.048997167,-4.319667684,1.56E-05,0.000611912
NDST1,3375.109183,-0.194379009,0.045031721,-4.316490787,1.59E-05,0.000620083
C19orf57,461.9756759,0.362143163,0.083925486,4.315055898,1.60E-05,0.000622726
UQCRC1,10993.4777,-0.176746973,0.040960538,-4.315055026,1.60E-05,0.000622726
ARMC10,848.7979705,-0.581576024,0.134788824,-4.314719915,1.60E-05,0.000622972
SPATA2,93.37561247,-0.291289287,0.067549327,-4.312245617,1.62E-05,0.000629281
PPP2R2B,1057.156465,-0.231950164,0.053797115,-4.31157257,1.62E-05,0.000630494
OR5AP2,1040.393617,-0.171386072,0.039777544,-4.308613686,1.64E-05,0.000638273
KCNE4,128.0797875,0.351011675,0.081509834,4.306372093,1.66E-05,0.000644053
CLCC1,34.57380979,-0.346730291,0.080573581,-4.303275161,1.68E-05,0.000652397
RAP2C,3941.838071,0.192710475,0.044787896,4.302735584,1.69E-05,0.000653261
HLA.J,25.67095066,-0.548479405,0.127495288,-4.301958228,1.69E-05,0.0006541
RN7SL88P,22.3718775,0.482773136,0.112216999,4.302139063,1.69E-05,0.0006541
DHPS,1717.86096,0.207110023,0.048173647,4.29923901,1.71E-05,0.000661442
UPK1A,2925.521804,0.616989124,0.143595958,4.296702597,1.73E-05,0.000668311
CAMTA1,2429.431898,0.229751273,0.053526711,4.292273341,1.77E-05,0.000681031
FOSL2,5183.516574,0.204404738,0.047671459,4.287780189,1.80E-05,0.000693414
LINC01010,13.13015969,-0.817445386,0.190640421,-4.287891203,1.80E-05,0.000693414
ELN,3920.816682,0.441670708,0.103026847,4.286947717,1.81E-05,0.000695249
LNP1,91.01779322,-0.297105175,0.069327246,-4.285547075,1.82E-05,0.000698872
OSBPL6,484.202933,0.23983338,0.055971071,4.284952479,1.83E-05,0.000699972
OR10A7,158.1137293,0.35645242,0.083197713,4.284401653,1.83E-05,0.000700937
KAT6A,1174.035511,-0.198547045,0.046346466,-4.283973797,1.84E-05,0.000701515
SLC3A2,1935.342416,-0.453501753,0.105867953,-4.283654678,1.84E-05,0.000701751
LINC00910,3.529893815,0.567899218,0.132667408,4.280623436,1.86E-05,0.000709044
PPP1R26P4,6.310455663,-0.549705976,0.128412983,-4.280766332,1.86E-05,0.000709044
SH3D19,4104.200901,-0.179190949,0.041858319,-4.280892176,1.86E-05,0.000709044
MAPK15,9.51610677,-0.467767078,0.109415679,-4.275137572,1.91E-05,0.000725936
MIR3121,50.78794094,-0.397022792,0.092911595,-4.273124276,1.93E-05,0.000730945
SULT1A1,509.9390476,0.441532699,0.103327971,4.273118827,1.93E-05,0.000730945
SSC4D,11566.05767,0.317182297,0.074236034,4.272619102,1.93E-05,0.000731787
F9,32.27951267,-0.381868377,0.089386571,-4.272100058,1.94E-05,0.000732407
FGD5,611.1858015,0.335472121,0.078529125,4.271945228,1.94E-05,0.000732407
CCNO,11530.09852,0.364382869,0.08530804,4.271377794,1.94E-05,0.000732472
CCT2,247.6938601,-0.511183812,0.119681557,-4.271199556,1.94E-05,0.000732472
GRM3.AS1,21.02062168,-0.239896976,0.056163447,-4.271407648,1.94E-05,0.000732472
LRRC4B,257.9247969,0.425072526,0.099552348,4.269839256,1.96E-05,0.000736156
PIGF,1309.631699,0.325967089,0.076352979,4.269212477,1.96E-05,0.000736633
PIGU,199.4590715,0.47306986,0.11080893,4.269239486,1.96E-05,0.000736633
RPL5,6554.15503,-0.224875117,0.052678027,-4.268859892,1.96E-05,0.000737002
ADGRA2,2663.328616,0.334793437,0.078443631,4.267949285,1.97E-05,0.000739219
TLX2,1262.339095,0.28526589,0.066846097,4.267502572,1.98E-05,0.000739903
TWF1P1,513.3183113,-0.374412734,0.087743033,-4.267150586,1.98E-05,0.000740274
DRG1,9404.483069,0.428754827,0.100494228,4.266462219,1.99E-05,0.000741763
RN7SL503P,90.25373683,-0.450527492,0.105665828,-4.263700969,2.01E-05,0.000750188
MIR5700,13.20518892,-0.486009954,0.114004125,-4.263090957,2.02E-05,0.000750737
OSBPL11,1143.941157,0.384927171,0.090293655,4.263058937,2.02E-05,0.000750737
THAP11,1513.539368,0.118352905,0.027764816,4.262693661,2.02E-05,0.000751161
CHDH,2047.577013,-0.353215432,0.082904234,-4.260523458,2.04E-05,0.000757682
CLEC9A,418.9526176,-0.229914057,0.053969656,-4.260061594,2.04E-05,0.000758439
ZNF749,18.87545051,-0.559369247,0.131315468,-4.25973616,2.05E-05,0.000758735
CNOT3,845.9787328,-0.141919789,0.033320791,-4.259196332,2.05E-05,0.000758951
KCNJ6,143.1091487,-0.414644555,0.09734877,-4.259371295,2.05E-05,0.000758951
RNF32,5245.481378,0.294293034,0.069118299,4.25781648,2.06E-05,0.000762838
ADAMTS6,136.8024567,0.374219608,0.087944022,4.255202313,2.09E-05,0.000770986
LARS2,1482.195973,-0.15248346,0.035845886,-4.253862208,2.10E-05,0.000774795
LRRC27,70.73784238,0.451778295,0.106223328,4.253098686,2.11E-05,0.000776619
PBDC1,25.94298097,-0.538494984,0.126656434,-4.251619665,2.12E-05,0.000780939
OR51S1,158.4364366,0.367405078,0.086431391,4.250829148,2.13E-05,0.000782873
MIR3689B,17.0035766,-0.472868222,0.111276952,-4.249471382,2.14E-05,0.000786801
IFI44,1369.767032,-0.159074821,0.037464471,-4.246018099,2.18E-05,0.000798176
CCL22,425.277842,0.358397994,0.084416242,4.245604691,2.18E-05,0.000798807
NEUROG2.AS1,1.744551422,-1.732916658,0.408231332,-4.24493791,2.19E-05,0.000799859
PPIB,5476.37685,0.416044811,0.098011951,4.244837568,2.19E-05,0.000799859
ADAM30,433.2838294,-0.229734575,0.054136455,-4.243620588,2.20E-05,0.000803366
ZFP42,6185.645615,-0.151735477,0.035759871,-4.243177449,2.20E-05,0.00080411
EEF1A1P41,15.15960356,-0.647218781,0.152600822,-4.241253571,2.22E-05,0.000810185
SLC12A7,820.7496227,-0.512262068,0.120816208,-4.240011146,2.24E-05,0.000813829
MAPKAPK5.AS1,2.754105378,-0.612268785,0.14441996,-4.239502511,2.24E-05,0.000814341
SLC38A10,1338.543146,0.481121501,0.113488101,4.239400388,2.24E-05,0.000814341
LIMA1,20030.10227,0.153359982,0.036177993,4.239040612,2.24E-05,0.000814795
RINT1,1118.113067,0.493192078,0.116366147,4.238277961,2.25E-05,0.000816715
TEDC2,894.8969084,-0.173898467,0.041034962,-4.237812316,2.26E-05,0.000817558
CCZ1,6286.755302,0.173972288,0.041060092,4.237016511,2.27E-05,0.000818754
KLK1,421.3766919,-0.460920635,0.108781629,-4.23711834,2.26E-05,0.000818754
FLCN,3995.403528,-0.167105949,0.039442647,-4.236681943,2.27E-05,0.000818924
SLC22A8,311.5154413,0.400594988,0.094561649,4.236336751,2.27E-05,0.000818924
SMAD2,21.28894355,-0.584905961,0.138070964,-4.236270566,2.27E-05,0.000818924
HLA.DQA1,1250.120413,0.38234333,0.090259825,4.236030029,2.28E-05,0.000818952
FAM149A,1638.672686,0.241404377,0.05699898,4.235240309,2.28E-05,0.000820373
PROS2P,1274.667321,-0.150408744,0.035514946,-4.235082931,2.28E-05,0.000820373
TNFAIP8L2,98.5358854,0.401002146,0.094688896,4.23494374,2.29E-05,0.000820373
TRUB1,2200.596016,0.238617763,0.056357426,4.234007475,2.30E-05,0.000822949
FOXO1,63.41598603,-0.233714366,0.055209665,-4.233214682,2.30E-05,0.000825006
MTMR6,2139.507049,-0.224218307,0.053007764,-4.22991445,2.34E-05,0.000836341
DDC,484.1855529,-0.180952134,0.042786716,-4.229166185,2.35E-05,0.000838265
NYX,655.2478056,-0.507859022,0.120095467,-4.228794255,2.35E-05,0.00083879
ZBTB8B,18.46395165,-0.284797648,0.067367618,-4.22751548,2.36E-05,0.000842705
BSCL2,3184.575363,-0.224236056,0.053051282,-4.226779233,2.37E-05,0.000844599
C1orf216,8849.839872,-0.24810695,0.058718855,-4.225336967,2.39E-05,0.000849157
SERPIND1,6471.463676,0.160555267,0.038003992,4.224694783,2.39E-05,0.000850711
NINJ2,17.54356548,-0.826698751,0.195714468,-4.224004286,2.40E-05,0.000852452
LINC00511,60.87909506,-0.406266208,0.096266245,-4.220235346,2.44E-05,0.000865945
SF3A1,793.1766986,0.377276148,0.089408713,4.219679864,2.45E-05,0.000867196
PDE7A,93.07375339,-0.502392244,0.119100596,-4.218217723,2.46E-05,0.000871949
CASP14,777.9742229,0.262321709,0.062205856,4.216993771,2.48E-05,0.000875801
ZNF175,48.08337452,0.544727475,0.129212032,4.215764329,2.49E-05,0.000879692
VCX3A,1735.201158,0.235334265,0.055830394,4.215163956,2.50E-05,0.00088114
LHX3,1233.245422,0.308177589,0.073117383,4.214833428,2.50E-05,0.000881536
BMP6,137.9480301,-0.411592038,0.097658962,-4.214585415,2.50E-05,0.000881612
ANKRD49,378.0694058,-0.165963348,0.03938231,-4.214159769,2.51E-05,0.000882382
PRG4,7455.248677,-0.135384379,0.03215535,-4.210322036,2.55E-05,0.000896598
MME.AS1,3.69821259,-0.506609841,0.120349116,-4.209501959,2.56E-05,0.00089895
TMEM192,1537.241379,0.243572529,0.057876418,4.208493489,2.57E-05,0.000902059
ENOPH1,231.7628693,0.442445361,0.105166069,4.207111314,2.59E-05,0.000905764
GPR26,990.5900328,-0.211321046,0.050228416,-4.20720104,2.59E-05,0.000905764
RRM1.AS1,19.0545997,-0.508629074,0.120912884,-4.206574659,2.59E-05,0.000906092
TRAPPC11,2985.236841,0.21896549,0.052052774,4.206605573,2.59E-05,0.000906092
UBIAD1,2767.133172,-0.323403668,0.076896103,-4.205722442,2.60E-05,0.0009086
TEX38,10.42534773,0.432145956,0.102787045,4.204284247,2.62E-05,0.000913479
EEF1GP8,101.5007692,0.443367769,0.105504028,4.20237763,2.64E-05,0.000917929
FNDC11,98.26727502,0.280139785,0.066656592,4.202731882,2.64E-05,0.000917929
PFN1P10,16.07110513,-0.269440363,0.064117682,-4.202278618,2.64E-05,0.000917929
PPM1J,637.2101711,-0.137417219,0.03269815,-4.202599154,2.64E-05,0.000917929
H4C8,2259.140499,0.414965986,0.098764848,4.201555462,2.65E-05,0.000919948
SH3PXD2A,413.3422779,-0.500624379,0.119164641,-4.201115173,2.66E-05,0.00092082
EPS8L3,5.760378989,-0.489366463,0.116505906,-4.200357577,2.66E-05,0.000922805
SEL1L3,3830.724547,-0.139242373,0.033152089,-4.200108557,2.67E-05,0.000922805
SYNC,65.80137181,-0.695736052,0.165653352,-4.199951539,2.67E-05,0.000922805
FARSBP1,17.07060948,0.546913152,0.130367821,4.195154526,2.73E-05,0.000941618
SUSD5,985.1624104,-0.506392241,0.120725257,-4.194584088,2.73E-05,0.000943055
SLC6A4,5055.668924,-0.187348138,0.044674098,-4.193663594,2.74E-05,0.000945953
NSUN4,55.82649971,-0.342433911,0.081679703,-4.19239907,2.76E-05,0.000950301
KCNE1,307.5878883,0.294529706,0.070262783,4.191830924,2.77E-05,0.000951742
PAXBP1,4096.093922,-0.142485253,0.03401002,-4.189508003,2.80E-05,0.000960587
CPT1A,1801.367486,-0.310798528,0.074198808,-4.188726708,2.81E-05,0.000962948
SLC22A14,1489.968851,0.222830646,0.0532132,4.187506945,2.82E-05,0.000967181
C1orf50,7518.729556,-0.178223005,0.042573071,-4.186284885,2.84E-05,0.000971443
KCNH6,194.0355698,-0.46823005,0.11187025,-4.185474251,2.85E-05,0.000973957
KRT18P59,1317.657054,-0.13399475,0.032018049,-4.184975484,2.85E-05,0.000975138
APOL2,4.468770622,-0.564565889,0.13491247,-4.184682783,2.86E-05,0.000975436
TNR,686.4375427,-0.296118507,0.070773382,-4.184037832,2.86E-05,0.000977249
CENPH,113.3439724,-0.457843726,0.109433088,-4.183777824,2.87E-05,0.000977409
SEPTIN8,149.5881892,-0.461642202,0.110387961,-4.181997717,2.89E-05,0.00098413
CPDP1,5.05251286,0.488716484,0.116910393,4.180265508,2.91E-05,0.000989718
ZMYM5,873.3090174,-0.150436112,0.035986573,-4.180340028,2.91E-05,0.000989718
CACFD1,4159.078871,-0.187933787,0.044974506,-4.178673724,2.93E-05,0.000993755
GIT2,93.36955302,-0.460338646,0.110160997,-4.17878068,2.93E-05,0.000993755
HCK,23210.26331,0.404702838,0.096848587,4.178717,2.93E-05,0.000993755
SH2D6,718.9043858,-0.173441517,0.041510708,-4.178235585,2.94E-05,0.000994702
TRIM60,674.6851413,-0.209028341,0.050036498,-4.177517354,2.95E-05,0.000996876
MFSD10,82.32035508,0.499970202,0.119699596,4.176874601,2.96E-05,0.000997755
THUMPD3,2345.806515,-0.159575112,0.038203849,-4.176938051,2.95E-05,0.000997755