feature,feature_importance
PRSS23,0.010923025948368645
VPS45,0.010585412610363245
WDR89,0.008389689675999878
ANKUB1,0.008277648382423626
RALY,0.006718548431900029
HSPD1,0.006644097369058069
PPP2R2DP1,0.005871887016493203
CNOT6,0.005806231835943713
MIR4797,0.005748532872517776
TEX38,0.005329755007965977
RPUSD4,0.005202555044677697
TMEM79,0.004885348560834616
TLR10,0.004675452700398634
C4orf45,0.004623952298054625
EZH2P1,0.004497802855706781
RPL23AP57,0.004446179869627503
APOBEC3B,0.00432109388912485
SH2B3,0.004113508560702885
KRTAP5-2,0.004104368208386764
MGMT,0.004057324365374572
FBXO43,0.003981503389648978
ABHD16B,0.0037062657933542653
PRRC1,0.003691832704811521
RN7SL88P,0.0036800539190246606
CATSPER1,0.0035832437328549393
C1QL4,0.0034341070741813855
PTGES3L-AARSD1,0.003422999104941534
NOS2,0.0033692758013410236
CRYBG2,0.003287226135838891
SRGN,0.0032800249619358113
PDLIM2,0.0032689111709769164
FGFRL1,0.0032603813059139484
H1-6,0.0032108340483096654
UGT3A2,0.003179261941620995
EVC2,0.0031639163528315254
SYNC,0.003159317585659672
PNRC2,0.0031376191131695314
FCRL2,0.0029680233794811546
MBLAC2,0.002947569009009225
CUL4B,0.002932735838413977
SULT1A1,0.0029142236014070805
MAGI2,0.0028840809503056382
PPP4R1,0.0028318173953008176
SNX29P1,0.0027716915996487163
UTP3,0.002730886390807677
ZNF547,0.0026758853958490296
SEMA4B,0.002627891252359754
RNA5SP466,0.002585350531791659
TDRD6,0.0025493793325292425
GPR88,0.0025308242486040172
IMPG2,0.0024909739816344418
AOX1,0.0024821430261463364
KRTAP21-3,0.0024657345386038783
ZNF202,0.0024426306443992452
USP17L23,0.0024237377874942443
GKAP1,0.0024093306808544482
FBLN2,0.00239618396195572
LINC02258,0.0023385490710528894
GOLGA8R,0.0023140832393820617
RUNX1T1,0.0022632985639620463
KRTAP19-3,0.0022375548942332323
CRPPA,0.0022037290959080595
PRM2,0.0021965324299453963
ROBO3,0.002190244349458208
LINC01916,0.002096170326307818
CMTM7,0.002076703867243145
BRDTP1,0.002059148866989913
NEK11,0.0020445956251346413
HTR1E,0.0020373419272997698
RNU6-431P,0.002017282203275731
NFIL3,0.00201355661302972
OCSTAMP,0.001996329780845821
REP15,0.001969539261661894
TSPAN8,0.0019594562953432894
MBOAT2,0.001935862873698826
EDN2,0.0019299686423935535
RNF146,0.001915466250380996
SPDYE20P,0.0018825599091736394
HSF5,0.001875145455456331
RASAL1,0.0018729714276711248
NHP2,0.0018691972875997708
FBXW9,0.0018610372503384811
H4C8,0.0018602012366171327
RNF133,0.0018596744165218049
CEP41,0.0018570389576404616
LINC02134,0.0018520210318192344
RXFP3,0.0018460357264464121
C2CD4C,0.0018270109420858605
TBC1D20,0.0018108906095487493
RING1,0.0018083783194762376
ASPG,0.0018058068090687578
CLDN11,0.0018004438069566626
MOCS3,0.0017896924098224967
CAPSL,0.0017759550238796017
SLC12A7,0.0017722418619524178
ECD,0.0017698058979866366
LTBP1,0.0017695223327529124
RBPJL,0.00175950452983658
CLPB,0.001755951153728798
CMA1,0.0017463009483339367
TPST1,0.0017455500505845238
WNT1,0.0017331241704116158
ROPN1L,0.001728778984030522
SELENOKP2,0.001713975035776166
KCNJ4,0.0017133457290868337
THSD7A,0.0017046708367490923
LRRC4C,0.0017007832606896014
SYS1,0.0016902822220183948
MTMR7,0.0016798416825986972
FOXP2,0.0016759096817082575
RN7SL652P,0.0016435966073217127
ACSM2B,0.00164297378530038
GATAD1,0.0016173290924389105
RRM1-AS1,0.001601427655490775
SSC4D,0.001600023117017826
NOXA1,0.0015985761403532674
NUMBL,0.0015970520450616324
HNRNPA3,0.001586779740907795
USF2,0.0015743989109505791
UPK1A,0.0015627448977106784
LIPF,0.0015581843782097387
ZNF324,0.0015578493572989088
NACC1,0.0015542801861121835
OR9Q2,0.0015398442271009566
FAM205BP,0.0015361983832745752
LMAN1L,0.0015212722105489304
ACSL5,0.0015155481419245353
NYX,0.0015150391528341856
TEFM,0.0015100495838209311
VCX3A,0.0015072619129704117
RFPL3S,0.0015036362345272225
FBXL14,0.0015036004234868765
MARCKS,0.0015025184292964625
CCNF,0.0014994454348950116
SMG1P3,0.001495133491652543
TNR,0.0014932388619201891
SP3P,0.0014889767960369206
ACOX3,0.0014851918931222895
TTLL6,0.0014744918751630504
ADGRA2,0.0014668578937910009
TUG1,0.0014663853426022306
CFAP73,0.0014479186303857328
DRG1,0.00144645901927139
BPHL,0.0014458031034316296
ATCAY,0.0014451260581211688
ANAPC13,0.0014412515035691186
ADAM30,0.0014333792468536255
DTWD1,0.0014254072817082083
CLCA4-AS1,0.0014214944552996694
DPP10-AS1,0.0014196116907496375
LINC02333,0.0014154759680592985
EFCAB3,0.001406643130914344
ARMC10,0.0014010150186231603
ZNF428,0.0013984697935318963
PLP2,0.001397932383038753
MIR5700,0.0013936943913237271
DNAAF4-CCPG1,0.0013913331383705544
DNAJB11,0.0013879870632895236
OTOR,0.0013861754645326549
OR9G3P,0.0013855098658969794
IGKV2OR2-10,0.0013788282058137637
KNL1,0.0013754954999190868
MEST,0.001375024513557328
FAM13A,0.001371609528781008
HDAC9,0.001368670401045678
SH3PXD2A,0.0013637225569027131
SCLT1,0.0013582866870582092
CRK,0.001353506315810242
E2F6,0.001344708991326279
DUXAP7,0.00134395060787678
NEUROG3,0.0013349382485274206
PCDH10,0.00133455412357942
MIR3689B,0.0013297364562126926
CXCL16,0.0013284366676762022
UBLCP1,0.0013243065063926448
SUSD5,0.001323975260302264
HCG9,0.0013193860503141785
RNU6-445P,0.0013143748967811293
MEF2C,0.0013092679746070745
CCDC171,0.0013087984369742809
DACT1,0.0013078900130961966
CBLN4,0.0013072789056470197
KCNE4,0.0013052996601863054
RPS2P4,0.001303075439003081
PSMG1,0.0012945981899278708
HSD17B7P2,0.001294539071336769
ZNF596,0.001286665981190268
ANKRD45,0.0012852357744167619
HCK,0.001275371912503884
WDR64,0.0012752160607999044
EPS8L3,0.001269340580452211
LINC02108,0.0012677451253442276
CLTB,0.0012634442997814107
SELENBP1,0.0012558904879965682
ZNF577,0.0012540025524940444
QTRT2,0.0012518420141034122
RAB4A,0.0012493170477707457
GAPDHP76,0.001248235202515683
TRABD,0.001244383486050829
NFYB,0.0012427431531899392
KCNJ13,0.0012413084100536148
BCS1L,0.0012369755261995264
PAXBP1,0.0012344411872649151
FCN2,0.0012235379127077566
ZBTB8B,0.0012184056125370212
ALDOB,0.0012163431847084557
DTNB,0.0012132755354266297
SLC6A12,0.001211015648188012
SLC1A5,0.0011991464439721823
DENND5A,0.0011991438176617933
TNIK,0.0011991421596212178
WNT9B,0.0011930360190953119
RTN4IP1,0.0011880006561629348
OR2G2,0.0011874528399783927
KRT18P56,0.0011869200030427275
CTSB,0.0011818060189553831
ZCCHC12,0.0011775065724997855
BEX2,0.0011773267697092623
PDE4C,0.0011766714499453353
CCZ1,0.0011762032369753855
ATF5,0.0011710304904977945
RN7SL580P,0.0011703474931732535
RBM25,0.0011698726738104063
CCDC152,0.001169727239888082
TRBV8-2,0.0011691406595136036
SHLD2P1,0.0011658265903147797
EZR,0.0011657943712849743
DHX36,0.0011587663220241876
SSX2IP,0.0011524983991470774
CELF1,0.0011499405764794461
SPCS2,0.0011498725417061861
BMP6,0.0011492121197003893
OR6C69P,0.0011462414260617051
EIF3KP1,0.001144200602142494
EPB41,0.0011399830752907721
ZCCHC14,0.0011335513090186154
TRUB1,0.0011315195044403418
TSC2,0.0011220007545956893
IFI6,0.001121866862641518
RBM15,0.001121526252515662
PRMT3,0.0011206514208874701
GARS1,0.0011199159279758192
CRTC3,0.0011180973262913108
TULP1,0.0011146033819324822
OR3A2,0.0011130581118436742
LINC00511,0.0011111229787318475
CEP44,0.0011110140526239673
UCP1,0.0011098451806651297
BBS10,0.0011068402143785162
SHBG,0.001106196399112459
CLEC9A,0.00110552296779266
PRM3,0.0011017353461006197
SLC25A38,0.0011001655514096193
TRAPPC11,0.0010957090728063229
RNU6-1108P,0.001088320154520899
MYH16,0.0010800146468654566
HSP90B1,0.0010791548103210324
PAX6,0.0010784657497626988
NCK2,0.0010779064810836263
PDZD8,0.001077736983763252
OR4K1,0.0010763797239390742
KCNQ3,0.0010726833278697906
SH3D19,0.0010706513312428265
CHDH,0.0010705060216102719
FBXL5,0.0010700830213181448
RPL12P22,0.0010667796787796882
CCDC114,0.0010661759455791316
HOXC11,0.0010637302604720503
BUD23,0.0010614038147200855
CYTH3,0.0010613419103463347
AK9,0.0010612073523588578
OR10J3,0.0010611135711592959
NKD2,0.0010583898425959234
PSMB9,0.0010570633585397923
LHX3,0.0010554608316033134
SLC22A14,0.0010520142216146483
PDE7A,0.0010508089779392865
USP17L18,0.0010478729374067991
ROGDI,0.0010457273826249848
ELN,0.001045298703844893
SLC12A6,0.0010430396576380544
LCE3D,0.001040320015530717
USP9YP20,0.0010354987016064387
RNF215,0.001034111795098934
NEBL,0.0010341087528048022
THSD7B,0.0010285263424718405
FBXL22,0.0010280276501475468
PPM1J,0.0010271325219048985
LNX2,0.001026324614118891
CAMK4,0.001025932102586913
CD27,0.001021808384689132
FBXO36,0.001021410627027799
GNAI2,0.0010213559827112306
PLN,0.0010202696591293586
REEP6,0.0010192876530747427
SLC38A10,0.001019169157280844
CIR1,0.0010187095966114436
PRB4,0.0010180283993445635
C5orf15,0.0010162169312711922
GRB7,0.001014864319901259
PLP1,0.0010129568646499556
ZNF749,0.0010117724192147076
RPSAP67,0.0010080395696798008
GPN1,0.001007720755711285
PPP1R26P4,0.0010064419876661033
NLRP6,0.0010046762219626396
CALHM6,0.0010030174697102405
ZBTB7A,0.0010025167660763059
DDX17,0.0010018471326637814
MTND4P24,0.0009961783596400182
NBEAL1,0.0009954983565082871
DMXL1,0.0009948891170045054
KRT18P59,0.0009922170120305813
KCNH6,0.0009917797558647045
ZNF100,0.00099172969668515
SEMA3F,0.0009911443734154878
RSPO4,0.0009911093982150343
LINC02290,0.0009909430266544063
SLC6A4,0.0009875567558417708
CCT2,0.0009863613766039785
PTCD3,0.0009835307077395545
REG1A,0.0009821054703449661
RPP25L,0.0009807828675297676
MPP4,0.0009804469422210265
NAA11,0.0009789360259841592
BAHD1,0.0009779756889051643
TMEM143,0.0009764499918200045
TNFSF14,0.0009755602194248218
LINC01237,0.0009754624505603598
CHST6,0.0009754351812762318
RPL7P17,0.0009750481069986506
SHCBP1,0.0009741835540293736
CHRNA10,0.0009739816256005774
TK1,0.0009721242108442755
FNDC11,0.0009714669705088018
RPS25,0.0009714663496755743
NUBP1,0.0009710464469130514
RAF1,0.0009703076720165495
TAS2R10,0.000969364117967875
GNG13,0.0009692189084067326
BAG1,0.0009687279213410085
SPNS1,0.000966667258330813
MRPL1,0.0009663779362756855
MIER2,0.0009655531377333788
ZMYM5,0.0009631099202279291
SLC10A4,0.0009616681539702048
LHX5,0.000958578410140393
LINC01467,0.0009579932337979587
ZMYND10,0.0009570757250460937
STX2,0.0009565965672930668
NFE2L2,0.000955689905251813
GCSHP2,0.0009554239210712692
APOA5,0.0009537807773124448
SORBS2,0.0009515268578133085
MT3,0.0009455370074852964
RNF112,0.0009455188490512964
MMS19,0.0009453664699444469
ATRIP,0.0009425897370274222
GSTM5,0.0009394706631951054
CEP104,0.000938664067340152
KIAA1324L,0.0009381933076770445
MFSD10,0.0009380476774332508
COL11A1,0.0009371291742034063
AAR2,0.0009349071789263377
GXYLT1,0.0009335693144432579
SLAIN1,0.0009307431894398808
THAP11,0.0009297323062213678
OR56A1,0.0009292345333726482
SPATA2,0.0009273419946347111
OR5AP2,0.0009265051065344937
TBXT,0.0009256616772851101
TMEM220-AS1,0.000924776548098995
MAP4K5,0.0009233690710870735
FAM168B,0.0009192308439756659
UBE3A,0.000915030878407032
PYURF,0.0009148680700220342
RPL5,0.0009111302751181237
IL18BP,0.0009103245923725646
ZNF182,0.0009097645742649013
CACNA2D2,0.0009096063676058284
DCST1,0.0009060708735487427
RHOXF2B,0.000905292429552463
TMEM121,0.0009033970538386492
MME-AS1,0.0009024917565860238
RN7SL341P,0.0009009714119716116
SNORD54,0.0009008470119436371
DSTYK,0.0009007845036669799
TNFRSF10A,0.0008993196175327998
VNN2,0.0008992543027561978
SPNS2,0.0008976881233702094
SLC16A9,0.0008974780842841315
SSPN,0.0008956048469281621
ARL4A,0.0008952910600570685
FBXO4,0.0008945626400208815
RNFT1,0.000892322291254519
INTS6-AS1,0.0008923021653228541
RCHY1,0.0008920308220045709
KLK1,0.0008897361098615875
BOLA2-SMG1P6,0.0008891518469642568
RASL12,0.000886204455787417
CHRDL2,0.000883147636594973
SH2D6,0.000882833173878994
GDNF,0.0008791802431156524
MAN1A2,0.0008770451148606203
ZNF827,0.0008770010600446099
IL17REL,0.0008758244479912538
RILP,0.0008751512834044941
UAP1,0.0008750836913113476
TNFAIP8L2,0.0008739877339091168
RN7SL138P,0.00087271513302839
AP3B2,0.0008721540614539167
IGKV7-3,0.0008718959567606399
EPRS1,0.0008717963825782862
HNRNPA1P63,0.0008716729306513338
CACNA1I,0.0008707873795572958
XXYLT1-AS1,0.000870424670425162
ABCC9,0.000870017501405826
SYT5,0.0008685349343679993
C19orf57,0.0008681236501438334
LMO7,0.0008671086046097916
MSH5,0.0008643351011422313
FAM120C,0.000857532849785178
IGHV3-64,0.0008563128158384667
TRAV3,0.0008562645360326461
PBDC1,0.000855896573879486
EML1,0.000854786077584466
NDST1,0.0008546950181123375
HOXC12,0.0008530621399679651
CLDN14,0.0008523983596307504
MPC1,0.0008501290632337534
ADAP2,0.0008498013077659497
WBP2,0.0008471333513012458
PAIP2,0.0008440201544104031
GLRA2,0.0008439961970873925
IL9RP4,0.000842810589832178
BGN,0.0008419857530277299
FAM218A,0.0008381793742571424
INSYN1,0.0008379175925974121
DPY19L2,0.0008362932178271622
EEF1GP8,0.0008362490371674232
FNDC4,0.0008325217923142016
TSC22D3,0.0008313134746902276
UCN,0.0008306590444939685
APIP,0.0008303745616524237
RSAD1,0.0008302333253389281
RN7SL37P,0.0008293203648424284
AGPAT1,0.0008292254821434231
POLG,0.0008279235183043874
G6PC3,0.0008275417051467192
CREB3L2,0.0008269361648035505
YPEL1,0.0008248305481711723
DPCD,0.0008242976639189656
GPR45,0.0008236905956980375
ANXA1,0.0008234605331716028
FASTKD2,0.0008209678008424168
LRRC53,0.0008206097422810511
C8orf48,0.0008173416533132494
LINC02675,0.0008163634851182399
TMEM243,0.0008150204964946886
RNASEK,0.0008120740856116518
MBD4,0.0008111280503818125
DKKL1,0.000811104986431056
EEF1A1P41,0.0008103004321010026
VN1R68P,0.0008091794776737022
ZNF638,0.0008086604127454042
FGF5,0.00080791107699145
TRIM60,0.0008028979354487466
C3orf20,0.0008026976501445582
POLR3A,0.0008025722412438696
RNU1-61P,0.0008022480575704915
PPIB,0.0007997093403203562
RBMY1J,0.0007989187763712268
ABLIM3,0.0007987156289941153
CCDC77,0.0007986619064153601
AHCTF1,0.0007985381611345415
OR7E29P,0.0007962407378408024
HLA-J,0.0007927637344110733
OGFOD1P1,0.0007906906221439081
IL17RB,0.0007897559804456489
HPSE,0.0007896382682229917
IKZF1,0.0007887987977184215
TLL1,0.0007883054657455474
CTNNB1,0.0007865972775043576
MAP3K3,0.0007865644035906578
PEAK1,0.0007860867190463634
KCNK16,0.0007844270575811899
GRM3-AS1,0.0007836878832163381
CDX1,0.000782528812411134
LINC01163,0.0007823479751567417
MIR431,0.000781202864642391
ADAMTS6,0.0007799482131516958
BARHL1,0.0007796611203049872
DCK,0.00077837409846262
PLEKHA7,0.0007762336729454811
EP300-AS1,0.0007755801299515519
USH2A,0.0007734046463540431
LPAR5,0.0007723936795453434
CCDC61,0.0007704964944621189
CCT3,0.0007684954255595845
OR51S1,0.000764266818011143
PRELID1,0.0007622898338588296
LINC01620,0.0007619306911648135
ABTB2,0.0007599449641381022
EIF4A1P9,0.0007583154992803071
MIIP,0.0007580747022570304
TMED2-DT,0.0007571977386193278
PTGES3,0.0007568728995908326
IK,0.0007555322109956474
MAGEA4,0.0007550941120249235
MTTP,0.0007543755172323377
SEPTIN8,0.000753416991021228
BICDL2,0.0007474394267987983
RNU1-153P,0.0007466514859791809
SREBF2-AS1,0.000746590005479729
BACH1,0.000744396692490651
BAZ2A,0.000743132266250983
RAD23B,0.0007427099997942788
RNU6-464P,0.0007422247363648804
MLLT10,0.0007405890119104054
DCUN1D2,0.0007397440807632191
TANC1,0.0007380467166651515
CDH19,0.000737729775720741
INTS6,0.0007372792260169853
DONSON,0.0007351277980858395
LRRC49,0.0007330734092977249
MET,0.0007310126276482642
CNGA4,0.0007309467104491718
PGAM1,0.0007299744373569942
BAIAP3,0.0007297620974149629
CICP12,0.0007289512942744962
TTLL5,0.0007268503594911841
STON1,0.0007241069298168749
PIGU,0.0007227276394145786
LAMC2,0.000722578925144141
PRNP,0.0007217731257430389
PLBD1,0.0007187583939689347
RSRP1,0.0007152367171840563
PHIP,0.0007144621551545069
DHPS,0.0007138408008776218
ERICH6,0.0007077817903163708
CD164L2,0.0007066796708432206
TLE4,0.0007066436564766173
RPL22P11,0.0007061644427327711
BBS1,0.0007044312452199151
YPEL5P2,0.0007035927644881972
HSPA8,0.0007025904286609782
NFKBID,0.0007019984226069305
TWF1P1,0.0006998098257569857
LNP1,0.0006971329687452884
SLC3A2,0.0006962886700515527
USP1,0.0006958563839968581
ARHGAP10,0.000694640734728413
MIR205HG,0.0006943815932571604
PYHIN1,0.0006900949938760218
ZNF581,0.0006890351030232497
RPEP3,0.0006889773714246093
EDNRA,0.0006874151515807279
KCNE1,0.0006854597853075479
GJA10,0.0006842535458053269
ADAM5,0.0006842195597106146
PHLDB1,0.0006831003330802899
ELANE,0.0006819981119412575
EIF2S1,0.0006805678925989549
IGF1R,0.0006796171773890924
SNORA11D,0.0006778389607388449
CDC25C,0.0006777725367111999
DCLK2,0.000677718270091039
PMAIP1,0.0006771887220521063
TMIGD3,0.0006761750330204675
RNU1-97P,0.000675028475765153
ZDHHC1,0.0006739954460896506
SGCA,0.0006723855695292439
ZNF737,0.0006721288442956987
CD82,0.0006693281000165156
CHST14,0.0006681257096219378
LARS2,0.0006674909268301868
STAM2,0.0006673531549622419
CPT1A,0.0006663546375007332
LHFPL2,0.0006662960527494383
MYO10,0.000665754128232685
BAP1,0.0006657492416172478
SLC13A3,0.0006652177160420222
USP9YP5,0.000664521930494246
PTTG1IP,0.0006641996519165147
SH3BGRL2,0.0006601018922596052
COL22A1,0.0006574331557814637
CCNO,0.0006570299183695726
BCAS3,0.0006560156985702289
PRG4,0.0006545924774204806
TRDN,0.0006532646270093245
USP45,0.0006520358669112939
F9,0.0006519641273608682
PRKAG3,0.0006506431574798421
RN7SL322P,0.000649616791381594
OR52Z1,0.0006468174381233943
GPR150,0.0006457515213301901
KAT6A,0.0006449211439965541
ADD2,0.000641728618703767
CDC26,0.0006407811503914945
APEX2,0.0006405856777084509
LSM6,0.0006404745538965764
KCNJ6,0.0006368138723000079
APOBEC3B-AS1,0.0006361942021469363
FIBIN,0.0006348178287464622
SMAD2,0.0006345623864900907
TUFT1,0.0006341867691025335
LINC02582,0.0006339683616580842
SLC2A3,0.0006306474050920441
SNORA2A,0.0006298518462861301
GINS4,0.000628834342908625
ZNF273,0.0006272245999712795
SURF6,0.0006257131027641412
H2AC13,0.0006249855532923062
VIM,0.0006242836857763512
ART2P,0.0006231412201549454
RAB15,0.0006226745693678461
SKI,0.0006218309628085509
SFRP5,0.0006217442847372647
IGDCC4,0.0006215902072311877
SPATA21,0.0006178979520342335
CRYAB,0.0006176480011825844
MIR3121,0.0006173002139333597
ADCY1,0.0006134694821299753
CCN5,0.0006133896506200456
ACY3,0.000612971503347457
STXBP1,0.0006124339125919612
ORMDL3,0.0006117724492628508
IGFN1,0.0006110191188222939
ANKMY2,0.0006100060309983559
PBRM1,0.0006085850918243467
NPW,0.000608489210127551
PPP2CB,0.0006070540289340544
UBE4A,0.000606851953335735
CASR,0.0006066515927207573
TMEM38A,0.0006055215250130767
SEL1L3,0.0006049489708269987
TRPC4,0.0006040377086733876
AP1S1,0.0006030253114014322
ST8SIA5,0.0006017675776605222
VAT1L,0.0006016011295726159
DDC,0.0006008595212747037
ATF7IP2,0.0006003051186073738
CMSS1,0.0005987794899850652
RIPOR1,0.0005987755458976685
VSIG1,0.0005984060578829987
DUSP7,0.0005979554535120086
AQP7P5,0.0005978149503217245
MED16,0.000595989667617341
ZNF232,0.0005954822745443127
RNFT2,0.0005944555514120637
DEFA1,0.0005933377857519653
FGA,0.0005927570672186696
TMEM30A,0.0005921984955703078
CACFD1,0.0005918248081813768
ABI3,0.0005917697033863245
GAPDHP24,0.000590420831294949
PI4KAP2,0.000589747843244397
LINC01010,0.0005895214467956545
ZNF394,0.0005887625855390386
NEUROG2-AS1,0.0005866434849482408
NLRP7,0.0005864878991276009
RN7SL503P,0.0005855984224150435
LIMA1,0.0005851377057300526
SLC39A13,0.0005837515601016366
WWP1,0.0005837176093685763
ZNF175,0.000583639866665012
FN1,0.0005812593880721739
CUZD1,0.0005798238354566436
REXO1,0.0005788278521561389
RPS14P4,0.0005785409646199606
NEK10,0.0005778027194082971
DCBLD2,0.0005774995679460796
CLEC3A,0.0005746567436757075
CENPH,0.0005745360565066963
MRPS18C,0.0005742617143780534
MIR4270,0.0005739297600884073
IPO7,0.0005721940849211844
AMT,0.0005702732293481292
IFI44,0.000570143893290274
SPATS1,0.0005696055639781452
CDH18-AS1,0.0005689872637548426
SKA3,0.000567254030030846
SERPIND1,0.0005668648197165725
TMEM154,0.0005664563619162834
PGBD2,0.0005648177791281921
CORIN,0.0005640343039706408
RASIP1,0.0005634873700080649
SMAD5,0.0005622653339109349
MYCT1,0.0005614276888435209
PPP6R2,0.0005596430977197225
C6orf118,0.0005590456201528153
HCG24,0.000558631339920544
SLC19A1,0.0005581198953100294
GGH,0.0005577487087471994
MUC3A,0.0005571613741937849
IL5RA,0.0005570700176975629
OR52E8,0.0005560881438783585
DUXAP8,0.0005556673039948572
FHL2,0.0005542787117321888
CDK14,0.0005534771940494191
ESF1,0.0005504241466740202
OR10A7,0.000546242364880014
CITED4,0.0005458914564828933
H4C5,0.0005438383814417199
TMPRSS4,0.0005438192288260809
THUMPD3,0.0005431836942401999
RAB1B,0.0005421774197883248
CAV1,0.0005421427391805546
PROS2P,0.0005420751468322501
TMEM43,0.0005420695811047463
ADAM21,0.0005415706156310557
CBWD2,0.0005406060205361756
SPATA6,0.0005405202965839784
CECR2,0.0005393742060537099
TRPC5,0.0005389888790020577
UFSP2,0.0005387836655490223
RPL21P116,0.0005384222713321487
COL10A1,0.000538390394915985
RINT1,0.0005364309306254062
SIX2,0.0005360697640748158
FGD5,0.0005360157386205793
GIT2,0.000533440229688251
ARHGEF39,0.0005315144100268014
OSBPL6,0.0005300058959559212
FOXN1,0.000529056805798101
FOLR2,0.0005277784878798401
TXNDC9,0.0005273876464876308
HHEX,0.0005264706148334217
UQCRC1,0.0005259845790730232
EEF1A1P21,0.0005243944243833676
EGOT,0.0005239626682298919
FARSBP1,0.0005219549830000588
BET1,0.0005217329129795428
PCSK7,0.0005213432805289428
SLFN12,0.0005210822288065392
BARX1,0.0005207338538501769
MYBL1,0.0005204956053828164
PRDM8,0.0005190956164376611
HNRNPA1P9,0.0005189080381804912
CLCC1,0.0005184360465369818
ACO1,0.0005184145508136449
PIAS3,0.0005180161259549942
FAM197Y8,0.000517718753740673
PPP6R3,0.0005171355938139084
ZNF274,0.0005170509048148403
SLC52A2,0.0005168102169327725
SI,0.0005166426771062719
ZNF25,0.0005166265082479494
VN1R9P,0.0005163089342185837
ARFGAP1,0.0005148107766596439
ZNF317,0.000514414895262067
C1orf216,0.0005136299635637602
OR4S2,0.0005134756852908156
TLX2,0.0005130832438475755
BPY2C,0.0005124574306938355
CYLD,0.0005099059319915218
LHX8,0.0005090199701046599
REV1,0.0005069735898484343
LAMA3,0.0005063813503991342
NAT10,0.0005054047265490976
SACS,0.0005049052353157829
MTMR6,0.000503084543667157
RAP1A,0.0005020614518176995
UBIAD1,0.0005019685342735403
SLC22A8,0.0004991524031337753
HSD3BP4,0.0004978691930984946
GCNT1,0.000497012366454853
IPP,0.0004964638552822542
GPX6,0.0004946441195630094
POLD2,0.00049361893171132
HSD11B1,0.000493394528810745
C1orf50,0.0004919607105101142
HLA-DQA1,0.0004917732835293065
CSRNP2,0.0004913093945177528
FAM160A1,0.0004900771296658886
SPTA1,0.000489990971961798
DDIT4L,0.0004889572745975217
BCDIN3D,0.0004867774917112919
OR7E111P,0.0004865714395032497
PANX3,0.0004848910379962764
RNF123,0.0004843020631726058
NCAM1-AS1,0.0004839024831279256
MAK,0.0004828914915321478
DERL2,0.00048272878030942317
GALR3,0.0004827086905293677
MIR3613,0.0004825128822744916
HADH,0.0004801345261395857
KLHL18,0.00047830953994621464
PLD5,0.0004774621112209879
DPP8,0.0004767645554733527
OR9G4,0.0004767277854747033
RNF32,0.0004766829794113041
ZSCAN5C,0.0004763967111052219
LPIN2,0.00047527610960472824
DUTP7,0.00047383551889158934
NSMCE3,0.00047331408836785336
MC4R,0.00047282076694108474
TMPRSS11E,0.00047274547163609915
OR52B3P,0.00047221327243060794
ADGRG4,0.00047197307541238027
WDR41,0.0004713623936863
COL1A1,0.0004707911077397614
DAPK1,0.00046951011090604755
SSTR4,0.00046934239342194496
GTF3C3,0.00046890542346086645
PARP4P1,0.00046816228011595506
TSPEAR-AS2,0.00046814171301751915
NANOGNBP3,0.000468105728402132
RTCA,0.00046675392396820705
IGSF6,0.0004630590023883531
IER3IP1,0.00046119023416648074
RNF24,0.0004609440326247671
ANKRD16,0.0004606461869731199
ADCK5,0.00046036492944514525
ANKLE1,0.00045893593477395024
ZSCAN22,0.00045852601923705846
OSBPL11,0.000458216209950422
SEZ6L2,0.0004581884954436229
ANKRD49,0.0004564607460447718
PLA1A,0.00045625201110849876
REXO5,0.0004542836350356826
COA6,0.00045406673127487354
TMEM132B,0.0004540311148919886
IL12A,0.00045336425437461744
MDH1,0.00045285118331505237
BSCL2,0.00045241995365956686
CHRNA4,0.0004504239777750281
MED8-AS1,0.0004497537299371946
PRSS35,0.0004491435039339586
PROKR1,0.0004491405684161341
MCM3AP,0.00044600459818453967
WNK3,0.0004441505955639779
PSMA2,0.0004429513288231742
TEDC2,0.0004418338968123606
LONRF3,0.0004395915130210325
DDX19B,0.0004341965461707917
PTGER3,0.000434153027053664
GPATCH2,0.0004331631694392789
LRRC4B,0.0004318829270172824
SPRR4,0.00043045454361658646
RFC3,0.0004302169847944522
PHBP11,0.00042884716800946273
BOD1P2,0.00042845112419268554
CNOT3,0.0004281470161797192
BECN1P2,0.0004268029957159397
DENND6B,0.00042669672634421953
HSPA4L,0.0004253208671574333
LYPD6B,0.0004241670410218458
CFHR5,0.0004238433241119556
WWTR1,0.00042376483172226835
EHD2,0.00042212861472762603
OR51E1,0.0004219885201638071
UGT3A1,0.0004212270603934819
ISOC1,0.00041991501221376736
APOL2,0.00041974262116358787
ZNF564,0.0004195782435620483
RSPH10B2,0.00041940148086221834
CHRNE,0.0004192814749789322
NSUN4,0.0004182850295367581
EPHB1,0.0004162011842613641
GLB1L3,0.0004151817533638541
PARP15,0.0004138027618186246
GALNT15,0.00041139864120186764
DPY19L1,0.0004071105312803047
ZDHHC12,0.0004067928699400317
NELFA,0.00040518570512084904
RABEPK,0.0004041657819675083
RAPH1,0.0004034494635655135
CXorf38,0.000403206455003166
CDC40,0.0004027504963610669
POTEH-AS1,0.00039861098603674274
TMEM192,0.00039802982777226875
ZNF239,0.0003962252098003462
RPSAP6,0.0003926445045802539
CCL22,0.0003908412426117506
REPS1,0.00038533837281546127
DLEC1,0.000384848425272996
FAM117B,0.00038227848197457256
FAM30A,0.0003822690281319514
SMARCA4,0.00038155309258169385
ABCB11,0.00038111730368833657
RASAL2,0.0003790941781221007
DDIT3,0.000378172446224994
PPP2R2B,0.00037654541681338903
PARP10,0.00037276445944161733
QKI,0.00037037332702719494
COL5A3,0.00036879398768460887
PDXK,0.00036851744601079943
C1orf54,0.00036755968180379424
CYCSP11,0.0003627925249025517
TMPRSS2,0.00036248683605616616
SNIP1,0.0003593486504328997
SERF1A,0.0003584868800100617
DYNLL2,0.0003581465285577331
ADAD2,0.0003561499616379482
TAS2R5,0.0003532223180021092
DHX37,0.00035204300124544387
RGS19,0.00035148313363507196
RAD17,0.00035013276587107805
ZNF114,0.000348636774530049
LILRB5,0.0003485467707065438
CCDC178,0.00034812244124074584
RN7SKP298,0.000348099403222017
LINC02044,0.0003476464096841593
EPAS1,0.0003455321514691807
KCNE5,0.0003453813304742098
EBAG9,0.00034505975349508056
RAD9B,0.0003444448685275666
DGCR2,0.00034370120931744025
PLAC1,0.0003430101716462633
CDK5RAP1,0.00034061023103021756
MTND2P3,0.0003391178686595317
CARNS1,0.0003374711277311056
PDE10A,0.000337015652742391
MIR4445,0.00033650389579537797
CPDP1,0.00033561979784535136
DNAJB6,0.0003351031310563223
THEMIS2,0.0003348800924818215
CCDC122,0.00033385150425305703
FAM149A,0.0003332531713977564
GPR26,0.00033260663224425586
COL13A1,0.00033022595078105314
PFN1P10,0.0003279596576106321
CACNG8,0.00032771995860207134
SF3A1,0.00032646626020797737
PCDHA2,0.00032605423102462173
PSRC1,0.00032493932644938657
KCTD16,0.00032469096888623435
HRNR,0.0003238129992514306
MTND3P10,0.0003206283863642939
IL13,0.00031981627540585475
BTN3A3,0.0003168380080074765
STAT1,0.00031657527319460234
TMEM14C,0.00031487629991314907
MC2R,0.0003141342291350392
RESP18,0.0003135322165584439
ZNF516,0.000313334012471542
SFTPB,0.00031126817310813494
NINJ2,0.00031107716860468944
ARID3C,0.0003108977295803281
C2,0.00030903772767892
FOSL2,0.0003069422375962128
ECM2,0.00030589952969590893
RN7SKP248,0.0003052612549604531
CKAP2,0.0003021932154551536
SRP68,0.0003015655712441027
OSTF1,0.0003014955418248763
TNFAIP3,0.0002978807449182311
REG3A,0.000296978164023601
LRRC27,0.00029140534248823114
PTGDS,0.0002905425119617131
KLHL24,0.0002898823656166827
METTL15,0.0002872879469057464
GMPPB,0.0002862855353413887
LRFN2,0.00028348928136874986
RNASEK-C17orf49,0.0002832066033033606
PRR23A,0.0002814133677841909
RPS24P16,0.0002785551482419503
MTCYBP7,0.0002764378329736245
VWCE,0.0002749873938176877
BAGE2,0.0002741647234305936
LCORL,0.000270909890373022
MAPKAPK5-AS1,0.00027044981569922857
PIGT,0.0002678730436171829
SLCO1B3,0.0002651572991445004
ST8SIA2,0.000264921758292767
AGGF1P4,0.00026377716913948365
SEC24D,0.00026225849392435034
HHLA2,0.0002617208353713454
CD200R1,0.0002614790189946227
SEPTIN3,0.0002611320522006795
CLSPN,0.00025738797561804624
CAMTA1,0.00025563489222265966
PAQR3,0.0002532349058099455
FLCN,0.00025086155256872917
SYF2,0.00025004758832632444
PGBD5,0.00024773088200729656
TGOLN2,0.00024304387353573154
SLC25A24,0.00024289731060732255
RAP2C,0.0002404139128561951
HMSD,0.000239874231408629
MRC2,0.00023606681138082443
ZNRF3-IT1,0.00022550154569631671
CDCP1,0.00022440526302730708
C1orf74,0.0002140359825273318
LINC00911,0.00020993638178911663
HBZ,0.00020868727700213907
RPSAP15,0.00020709997951209684
DCAF12L1,0.00020571895919161822
YBEY,0.00020087602721333703
PIGF,0.00019987002633503907
LINC00910,0.00019935068645262756
PECR,0.0001962905957481793
ZFP42,0.0001956414486042644
VCAN,0.00019554123943093645
BTBD9,0.00019118546761715801
KRT40,0.00018864817706523932
MIR891A,0.0001817750431175047
CES3,0.00017662967910922253
GZMK,0.00017526350240639884
REXO1L9P,0.00017347179759999345
RAI14,0.00016990244452957018
TOMM5,0.0001685407989405774
APOA2,0.0001640635325946743
PAQR8,0.00016269243534421034
ZNF354A,0.00015220707606453874
MTCO1P24,0.00015212460797466208
P2RY6,0.0001364507682852129
CDH22,0.00013523555550447734
NFAM1,0.00013433500806450072
CDC25B,0.0001313465664241287
SEPTIN4,0.00012977696865256935
CCDC174,0.00012822502704808292
ENOPH1,0.0001273444483517001
FOXO1,0.00012419732471728408
CEP162,0.00012289644335859213
C1orf194,0.00011842824754746274
FAM25A,0.00010741068187289454
KRT8P9,0.00010250661842524036
MAP3K10,0.00010036112340384352
CYP27A1,9.374391642858834e-05
LIPA,8.970273032514884e-05
MAPK15,8.601693751956254e-05
BCL7B,8.244508500748872e-05
CASP14,6.713116420979723e-05
HGF,4.060785554184741e-05
TIMP2,3.917758931874414e-05
C1DP4,0.0
OR9I2P,0.0
RN7SL12P,0.0
