ID,probability_cv_model,probability_total_model
c7d5bf94.89a5.4bc8.8a63.615f0dbe5c5e.,0.7299853801169591,0.7694859100026757
X30a4f047.3ea5.47c1.8ee6.4e83e98df82e,0.8991853045201705,0.8687012263808134
X00eb7c26.84fd.4ab9.93a1.3d209dfc0f43,0.7945355414392148,0.8291003042012239
c8575292.70f2.41a0.8c9f.4be74d90827f.,0.6148431552467573,0.5491189555681535
X64236c23.1d9f.4853.b846.1d13cc539803,0.5648577751297982,0.6146608329867024
X90dcc0ac.a55e.4551.9573.022c10d1c0e1,0.834502363371155,0.8018399200132265
X1a228668.b2a0.469f.8801.fdc8be449b44,0.33,0.315
X5e79c5a9.5341.44e1.95fb.392020416b0c,0.405,0.44490118577075094
d2bf6185.08a5.4a73.9f87.7164cca1ccf6.,0.325,0.3199311926605505
X8b570809.0606.4671.9a9f.9797287a8e3b,0.8245563168528576,0.8615118513433725
e4d84c7f.df9a.48c4.9269.aa15fa20e103.,0.37,0.4049131513647643
X05efced9.d60f.43ea.9b61.c6efaf902e7d,0.5197724764562026,0.515
fa09738d.ae30.49a3.9645.2710522b4be0.,0.8244865113928426,0.8586493463469961
X5f72df7f.df76.4625.ab1a.e0b05237e283,0.235,0.305
X651f481d.370c.420e.9248.e9c2a134be6f,0.724679755695606,0.6297037209899822
X94dcaa51.315e.43d9.875c.4c4ae2e9bef3,0.5598791208791208,0.5195694364871426
X7852bfcc.9d96.4a25.8c4c.feec90f9c21f,0.7047368960089192,0.7791211929475995
X8b38a4c1.3e32.48fd.b8ff.1096aee875ae,0.6448569373401534,0.6642959908466269
X2a178039.8f10.43d6.b6f5.fae66d92b6a5,0.8091799131824599,0.7789921885663881
ec27c2ca.312a.4e06.bc8f.ca8cb085ab3e.,0.6096448639157155,0.6328290996489282
X86db2f40.896f.4392.9552.4f8be50bb653,0.525,0.495
X7e897441.3be3.472a.b15d.aa5bbe2aae8e,0.355,0.37
dcf14f46.a61a.44b9.8e88.b042c8e4ec64.,0.265,0.29
X34dd2d8f.6b3c.42ec.94c6.2c3eb75e8b91,0.7845741933000829,0.7569506857098187
X57e8b21e.eeb7.4f8e.a8b3.b6016bd37c96,0.5948933555770818,0.6191879889209319
X39952ce1.cb34.48c6.ad20.7aca8286f4ef,0.864587731155729,0.8825575442897514
f0cea1ff.b9c6.42d3.bd0e.25576ccdb83f.,0.48987096774193545,0.4897149038434499
X23f04c87.a093.4a1a.a1a5.d2928cc3c78b,0.4896365953605043,0.5
e322c611.092a.44e7.8339.c3d3a85e79d3.,0.31,0.305
d7691598.818d.4665.bd95.a70e51175f12.,0.5497768190888395,0.5246878639535626
X4d8304a1.6e6a.4645.9c1a.6cd8da9ce2e5,0.5944700572554337,0.5743834912809291
ef6406a9.591e.421f.8ed4.0fee40f53ef5.,0.6896163814405517,0.6635934226231524
c14f98e2.8e9b.49f4.a244.3d06c6cb7126.,0.46998680738786275,0.4524607946554149
X507cbf65.5c20.4fc8.b870.5ba7440b1886,0.30482225624016673,0.355
X8b4fd8a6.c6a7.41b4.b052.8212f0ed2972,0.5698976982097187,0.6347433270097657
e4e0ed55.a9f4.4978.9aa5.7a6f892ebb53.,0.5297657505899209,0.5297360327439944
X15f84276.f2b1.42fe.af09.229a77b9ba1a,0.644300228586909,0.6542459476950149
X048858d3.8f36.4f4d.b4cc.7c0cd65634b2,0.3998709677419355,0.365
X0ecefaf3.4a3f.4cf8.8c14.a46a54664a3e,0.4648563478588945,0.5444090720734733
X4e461640.5d1c.4fd9.92ff.c5d79af0069d,0.59,0.5248451633617874
d334512c.d092.459a.aab7.a3a0e281d9d4.,0.27,0.25
c68e4fc6.a690.4667.9335.af2eb563a8b5.,0.365,0.43
X36efaf00.cc8e.437b.893d.6dcec1328022,0.465,0.46487447261062104
b1272d0a.2b51.49da.8f60.10891ea2cafc.,0.4399868073878628,0.4249576210826211
X9a118c86.6afa.42b9.ba70.65c7115f9923,0.7297096923040028,0.777750832531741
X842caa85.4ec6.4121.b398.f69ca77ef175,0.729708405980429,0.684717906627196
aa557978.afb8.463b.92a6.5407695ba176.,0.335,0.355
a0eeff1d.51e4.4af6.9e82.da7bf1f94ba6.,0.6698383600095557,0.7148711811705988
X5c6a718f.8c40.47e7.a746.761b1d5b24b0,0.5196275795419882,0.5798319139921191
a15ec8b8.0251.4522.a03c.fab9694966f4.,0.579817014260233,0.6290995906832317
f790ef4c.71bf.43a7.a610.4006a4c0a42c.,0.6648659282669837,0.6791884749171753
d2ba49d2.5207.495c.97b3.d70ebef30c7d.,0.5548577751297983,0.5248542374139434
c8e9a6f4.de22.4714.a656.9817b0609b66.,0.8844586988976644,0.9177884561051876
cf9410ef.5f77.4055.850e.5d764b502a68.,0.7599079754601228,0.7620734344058533
X7f725b69.8725.4b10.b5c3.24220ddfc144,0.35,0.305
X3bee9215.e421.4ffa.9f84.2c70be9e51d2,0.47977064220183485,0.47498591549295777
cdfef249.52f9.4256.959d.cc85a01d5413.,0.7797500886210564,0.8138258349318367
X6a2fc43b.131d.4bba.8e64.8a39243fcdc6,0.6947739037271063,0.7288670097736678
X893c02a0.e83b.423a.bfd8.11eae9345a3c,0.5648284473116634,0.6098858921161826
X16288ca5.3605.41ad.8842.38a8ac9a4922,0.45490797546012274,0.44648837027612226
bdd35388.0850.40ac.a21a.6bfee0c34eef.,0.36,0.3
a4cc111b.f49a.4aea.91ed.10e31c60d522.,0.704342987063058,0.6287885112657264
X70057cae.a8cb.441a.96d3.9f08002c8f9b,0.515,0.4848328021252397
X6daee8cc.ba8b.46fd.bc29.550843ee8e33,0.8044586988976644,0.8138607909014745
e1ad013a.165e.4aaf.b025.e20d41cd776a.,0.5548155869893293,0.5597537689601232
X0c05d8f9.d045.4189.95b8.04d221600a83,0.6498146652182674,0.6284554668972402
X0af9253b.06d3.44ad.a30d.564d9becf487,0.385,0.395
X7bb48ed5.7a40.4cd9.a31d.c7ecb2069219,0.8994503978974412,0.8639876707259616
X987f148b.b2ba.4d97.a09a.20487b27051c,0.6745146342122301,0.644255222938039
X104c7c7e.583a.4496.a685.5d277e28c11b,0.355,0.3149861111111111
X78f2dfc0.9452.4547.b9a9.eb9dc920a4a9,0.4898976982097187,0.4447782013851038
a19e31ff.1afa.4e25.8c79.28b922052ff2.,0.5549314266352566,0.5849715099715099
d410a3b8.4f8f.4d47.9b37.7a59c34b8c90.,0.6298506308506309,0.6147528798165084
X37fa43b4.8f58.4147.81c9.3886a8855d4b,0.6647123634279859,0.6495080854161412
X1ead6cd1.6336.4ecd.9a0c.88c39bd52a03,0.5949868073878628,0.5298136273036789
X20cf507a.a64c.42ba.909b.efb7b229e654,0.285,0.41
X1789335d.a47c.438f.baf3.09aa990bdf7e,0.6398791208791209,0.5396911304582531
X9f9209c4.5e84.4efa.9fcc.60766c36e082,0.7149853801169591,0.6334443841181964
X45078ac8.6bda.4ede.b369.7cb8774c8bfb,0.465,0.455
d7bff2a7.1ffe.495c.b297.3b734b688267.,0.6399436974763318,0.621812543556753
X37b64c4e.b0ab.44cf.b751.0c1c80a19c94,0.295,0.26
aeaf5abc.8442.483e.a7a8.bca5bc1b4cc6.,0.5,0.5191205800494124
X1a33a98d.2df8.4c2d.8042.5d2add5ce54c,0.6940497449933445,0.6894389373831095
X5fe28ffa.63af.4a8d.8512.b0742b4cded4,0.52,0.5547731889980446
e733093b.8a60.46d7.9ddd.ec8a82206126.,0.7493459434717171,0.7740013947979268
a327f81f.a758.4ed6.89e9.cce688657faa.,0.7645888131831238,0.773553141508448
X820136e9.5483.40c0.9c13.82e716eb9d83,0.9193213656393766,0.9135772406437694
X04b01dc9.683e.4b6c.980d.2d907d48c275,0.8196046651614363,0.8304965747822632
X89763667.3b78.4fd2.8194.60f0df03d934,0.6997483290603494,0.6347489782769312
b3ef98ef.0843.478d.a6d5.c42a1abccc53.,0.43497150997150996,0.5248171521573056
X36725a42.52bc.4e9a.bb7c.728fbb8b1d19,0.6048709677419355,0.6196887640947049
d51b48fe.9327.4664.8925.b1053536dba7.,0.5549721875048218,0.5099861111111111
X21e07e18.23dd.4777.955e.0111f4653291,0.255,0.27
X2ee0c211.17d4.4067.8520.0e1f7986793a,0.6297768190888395,0.6497056658217235
X1f1777bd.4814.4e89.be6e.879621b90c73,0.38,0.395
fbc4ffad.8a22.4531.8a3a.5761f40cfd82.,0.4698424777134454,0.4798032632684167
X1ff9e4f4.089a.4364.9ec9.c5ecc6b8c4f6,0.6023424777134454,0.6244312327375768
d62ce057.d970.4bb0.b929.923c7bfb9e11.,0.275,0.25
X7f2c3de9.a1b9.413a.821c.02dbcad4ea0b,0.7392128727775984,0.749145358473945
bd45cb33.8e1c.4b37.8bd2.29f804269838.,0.6242883081138536,0.5798220177982202
X0fc6f38a.62da.4c2f.8a72.5c34b77656e5,0.4546766414117769,0.405
fb94b719.4a43.4090.9a61.9f62a30d545d.,0.25,0.26
X23507f34.1c8e.4d83.a1c3.634b49460eb9,0.7294510997008429,0.6447268374212815
c45cd340.4895.400a.a50e.19df90b67355.,0.43,0.39488466133627426
X32340e45.00fa.4739.be97.3934c30cb1f6,0.7847331428575411,0.7442115203905533
d93a3ced.a2bc.4f88.abee.278c44103a23.,0.7246448714690418,0.7790168279487623
X468c5071.fbaf.4b2e.87f4.9c75ca0096be,0.465,0.38
b1684b0e.0c14.434a.94b0.78c42adf4ea9.,0.43497150997150996,0.5399863387978142
de3da0e4.1ba4.4b1f.9165.c671db97749b.,0.6147069787095254,0.6197581246954933
X40042070.d670.4711.9a07.57c609c4dce2,0.5997768190888395,0.5645385107622262
X5a7c65fc.a8d4.4f1e.8c76.7bb937c327ca,0.5545279497957195,0.45488532353970895
X0ea2ed57.6f38.49fd.9c96.52128aaa506c,0.7545610006879457,0.7486458273834526
X46fd54e8.5ab7.43f1.bb88.01a163ff121f,0.565,0.5944313754789067
X394a5627.ac10.4c2d.a4d4.393898dd7d0a,0.7697222761258783,0.7019106328471717
X90d19c5c.f80b.454b.b776.99d13f01617e,0.6597941176470588,0.6245909613904171
X69296a5e.7973.4812.bfa1.06fc937db65b,0.37,0.36
X23721967.f211.4775.b90c.282126ef6286,0.554833864965444,0.5197744013247666
X51f23908.2796.4c07.82a8.21b8a717f84e,0.7894642923129802,0.6788484312696429
fabefb10.5546.4017.8ea1.29982a10fb3c.,0.49987912087912084,0.45987058310155715
f8f2d5be.b4b1.48d6.9941.9607dfa65c5c.,0.5647368960089191,0.5098470087245534
X85535e8e.79b2.4d55.a340.eb39e9aeb355,0.4098672145905574,0.43
X5b9b9a3d.51bf.4f62.bf19.7c7ea0267030,0.36,0.36949302250544486
X906456e9.96d6.4be0.9d61.73647f6684d9,0.709740175923164,0.6045402064091305
X5ead465c.2dae.4ae2.97a1.5b98e9e013ec,0.315,0.29
X3f350254.da7d.4ea4.9031.7a4abde54a19,0.5395709367358983,0.5498458031059285
b0ae2bb5.9b1b.47a3.abc7.76c02bf8a229.,0.5744853404872945,0.5895780055234637
X8111546f.1eec.4ae9.a1f2.0a1548b2f61d,0.4747686659516541,0.5595863432084563
b5a58437.1c0b.4c9f.bf0d.fc7f08d9d9ae.,0.5498976982097187,0.5796280424708687
X1e2b0984.d841.4916.8cc1.7fce179109f1,0.4,0.35
X86c79876.a046.40f4.bf8f.ead372644af4,0.38,0.3149397321833516
X9e64fa31.bd7a.4c8b.a831.2ecbf9b91bb8,0.26,0.295
f930b9f5.adfb.4089.b643.6ab7b60412df.,0.375,0.51
X92bd3edc.d6f3.4cfc.be03.4662199a06c2,0.42,0.34
X59ea64d5.c406.42d3.853d.522c64f3226c,0.6096061041901477,0.6480491253099038
X34dd0e22.1014.4fe5.8392.faddf79b0ad2,0.6296199743355968,0.6445489017568792
c2827d52.b38d.4004.8730.d3769b891187.,0.5848563478588945,0.6145764493136019
X11d08d8f.beea.4b57.a9cd.2f957a391360,0.49919935406753146,0.44491579197540404
de5fd1ba.8179.404e.80db.0bb2d161d493.,0.385,0.33
X52fe6ec2.36d3.413b.81c7.b79870d74450,0.5993829308301827,0.6218513334403579
X7092d542.6a1b.4d6f.8734.8472a72dfe66,0.5996732385261797,0.5648549107142857
d11a42d8.6486.4288.bf5c.864448bb1fd6.,0.674629574052689,0.6096221666913394
de669e2c.67f5.44f1.8c69.f8d014fb1dba.,0.6247540460686132,0.6398470087245534
d265829a.9e49.4e21.ba72.67f5ba406204.,0.315,0.355
X6b4cb1bd.9634.4494.bb7b.4ca12b4b1969,0.33,0.305
c5047f59.c194.4cb9.9538.9d06d0946d64.,0.345,0.445
X312a88d3.40af.40e9.af3d.2b14b95deebb,0.46989769820971866,0.49
X0d604955.ce10.4fa9.ba8b.9417c5719653,0.475,0.5297043883880392
b04f40b6.106f.4984.9bea.9c8664200098.,0.6694780589011738,0.609793718872926
eab5b6fd.7f4d.41a8.83cb.5b09161b95cc.,0.27,0.285
bd7bf37d.b076.4e82.bc73.83454dba8ff1.,0.6448424777134454,0.6796402929930468
ad69efb1.61ab.4492.8468.9006dd00e915.,0.355,0.2349861111111111
bf4c7278.d90c.497e.97af.cc9c68ca1525.,0.3847724764562026,0.3498177797786134
f5e4c398.d9db.4cd0.bd12.3751a624d377.,0.644736896008919,0.5993237696571887
X0edf649b.505c.4363.8b74.6066f5efb48f,0.7297000925869108,0.6333659671922913
X83ab61db.2dab.421f.acf1.9b57290f65d0,0.6096918158567775,0.6384715652885935
d90c6768.8bea.4106.8e54.e1b28d35be53.,0.595,0.644651511519055
b3d4ce62.1ef3.4411.9ed0.924191070139.,0.49,0.5748644173230991
X0ead57c5.1dc1.41b0.85b8.5b0144eadd91,0.4449446192473938,0.4248549107142857
X493fce59.d828.4eb4.9957.4c044532cac1,0.6098976982097186,0.5645295315872848
c909a75f.23e8.4c96.82f2.72e46fdb8155.,0.5446889004950443,0.4595915084989072
c7f977c8.a977.4080.a297.6d1567181e64.,0.8694718915098016,0.9037015013587975
X8eded011.a9f5.4b5d.b83b.482229a1ae24,0.25,0.305
X6c449c57.2746.4b4c.bc94.fe47cd0451d1,0.2998791208791209,0.27
cf9167eb.8b16.4707.ac37.bee20f2825d3.,0.51,0.539901185770751
X44a7b09b.a258.4e97.ac42.02d7f09b8b32,0.6598709677419354,0.614427780754495
X7795a8f6.c33c.47f5.95f8.f976e8e15bd2,0.5996225649587221,0.6045164737242902
X228845f8.1ad7.4193.a570.e17871798c67,0.6293835876762902,0.629401295314584
X84c893d7.3ad8.45bf.9db1.c7d1c9086267,0.64450121177461,0.6097600379817993
X75ccc143.fc7a.4e95.b75a.7eae40c9fc71,0.385,0.375
e2730969.cb85.467f.9ba2.8a9d521ec06a.,0.55,0.535
X0fbf4163.6783.468e.9bb8.1e43956e4533,0.6695034453985498,0.6641692418258119
ab322811.e8fb.41c5.8437.d774fea552e1.,0.6446650853889944,0.6535861579180653
X7354b3fd.3ab9.4ca6.92ab.deb63649cf60,0.6197378151233907,0.6470117164203867
ede52976.0412.4878.a28e.1b1b39316e0f.,0.6636275653574962,0.594506711396128
X48a74528.5279.4175.978d.4ef38e6fc835,0.6746447484976896,0.5943716603582316
X083f6f8d.e089.4d01.8a88.a86d9d080e54,0.5446586186431387,0.5249861111111112
X7ab845f8.320e.4c93.9d5c.bf66bb8d121c,0.4496213884704916,0.4947967050393961
a963531e.49d4.41c6.b19a.ba5b94b8af94.,0.6492935774142883,0.6840755180677499
X18e687c3.7d76.4a4d.a665.95331732ef9c,0.4798794854316327,0.584623212170043
X7e89e4df.ec9b.4c7c.a8ee.e8caf854470b,0.325,0.36
e1557786.4586.409f.9c5a.a559535f0aa0.,0.7043257016387166,0.6845369608733113
b033c85a.2395.4ced.a84d.ac1fbce674bf.,0.6147093277514911,0.5942450356902178
X225bd9e1.afbf.43d7.bcc1.c4bcde204b56,0.5479999999999999,0.6030847921453588
X60b2c0e0.6a0f.416e.8bcb.5c797f16fda4,0.345,0.365
fdc8ad41.ba94.485d.8bd6.6ea2794847f2.,0.5849853801169591,0.569766972686843
X0786a0c1.10a8.43b7.859c.c33fecff5240,0.38489769820971864,0.42977695167286245
X74451511.b202.41c6.b362.ffb07d8efcfc,0.52,0.5190214609503421
X2328d034.7b9b.442a.ad5d.ad56d9c83d1d,0.40495923913043474,0.44997150997151
X9bfcfe13.9cd7.448b.a78b.87e951d9d407,0.6347540460686132,0.6047799218863744
X3201fd37.ac44.450b.8a85.058ead558da2,0.38,0.38990118577075095
d903e92f.677f.4292.b2f7.66e0fcea767f.,0.7694103388312779,0.8235567364790929
X376e643c.8ecb.49d2.95b0.e4f6571ea94e,0.6793415789377332,0.6393536033048356
fe0f4040.f2da.4ab8.8869.bb9f39698834.,0.47497150997150994,0.5415281447024539
X576fda32.4e0c.414d.b54c.259f2503fc11,0.305,0.379795918367347
X9bb56719.e0cc.4ba2.8bae.14187b03243b,0.29,0.29495305164319247
bd21ff09.25f7.45b7.be71.1f110503eec5.,0.345,0.335
e7548c64.eec1.4940.9b85.99b94542426e.,0.5498560155690914,0.6097442820050606
X85a57663.89b0.4cc6.b118.98fce8640eb2,0.5445528393758383,0.544264005788559
X1317e4d4.2c33.494b.bb77.aa9997327a41,0.61497150997151,0.6596835329739424
X61a0320d.aafa.4363.b1c6.80a07b359774,0.6297792339504296,0.6093821071715694
ba65f95e.4a58.4378.925b.60f864c4f5de.,0.7045425696787605,0.6347003908587021
a829d13e.6fd6.4a24.809b.d9fdc08c6ea6.,0.5948791208791209,0.6246957492909756
d13f02a5.a644.4aea.a62e.5e4b517fba30.,0.5747789432020582,0.5745638984655322
X5762891c.adc4.4d52.9927.2af194da03e1,0.6897222761258781,0.6593402632796438
X0b530162.4c93.42cb.a2b0.4948d19963bd,0.505,0.4096786911192274
ee6cb551.5613.4b05.9eac.f8d7541d8618.,0.565,0.5447347647077782
b77a4dde.4ac7.4c74.83c2.a2714914981b.,0.24,0.255
X91ee1d4d.90ac.428d.ad9b.0cba3222fdc5,0.29,0.38
b2d38886.f7a9.439e.86ac.d99d45447cc1.,0.345,0.365
d5fd715a.cf6d.4b29.ad9d.b3e58c55262a.,0.3749307491019448,0.39
X76c7ff87.5595.47d6.8c41.69de3d8afb10,0.32,0.32
bcae978c.e9b1.4c7a.8691.caf718db5b3a.,0.7043392394943626,0.6944024474334719
X4b68dd95.805d.42cc.a1e8.9bb64e29f9f5,0.335,0.29
X463f2d23.8b4d.45f5.9600.06c2920498ca,0.6696800313699649,0.634511056342242
b2a6c9e3.65eb.43bd.849a.5829007379ab.,0.7145425696787605,0.6296771088712009
X8f6adb29.73cc.4152.8c4e.0a1231ce9c15,0.48998680738786277,0.5447959183673469
X93c59dcd.9564.4b6d.9cd9.734ccba6833e,0.5396275653574962,0.544411548955087
X76e26c2b.3318.4bcd.87df.4bcccdce9643,0.48997150997150996,0.49490118577075093
X9e573b8f.4762.46b9.b757.4b54ed9c6320,0.6694027618038172,0.6444639307137732
X552e9a21.3493.4567.8d55.40e7f8009a5f,0.5947768190888395,0.5947174257930786
X07ad35fc.1e35.43b3.a252.193323d5e680,0.5946580640811789,0.549354661059963
X351f8edd.e1f1.4bfc.87f6.c48f8551537a,0.5794521817282379,0.5797577708673274
X77489a8a.5b35.4350.87c9.a588fcc0794c,0.40495923913043474,0.5047612257617159
X8dc6012e.51fa.4750.85b3.0edd67a9266a,0.5397870963392435,0.5796072703061599
X15ea8c4e.2ee1.4aa4.89e5.6876e4b80381,0.5997739037271063,0.6047481487799168
X5958e543.9a75.4144.9f93.9daa1cc14190,0.809601761557511,0.7890960491452824
X72174abe.f80f.4b7c.8cd5.aa00533486a8,0.46,0.4497169796798029
ac0c4f58.bf0d.4236.ae26.436221f01636.,0.6998228183554527,0.6095839367797333
X65235020.a50c.4143.8e93.a2d020bca766,0.8141439733149255,0.8824053026746626
e7c738b7.08e2.4616.abcb.173382854dbc.,0.4497194525904203,0.4949530516431925
X0786b089.8ed6.452e.b160.145e495f6862,0.5847656276185688,0.6544593702412616
X08be86a0.bf15.4e7a.8ffd.1848ab648f9e,0.6243498799379565,0.699410001481254
X79082246.9d10.41a0.9e47.713e930f0e69,0.6698278578304045,0.6398484077633314
X97ecc7b4.2a43.4a19.ba15.42abbb57484c,0.6193081972973292,0.6645822089242034
b73518ee.287c.4130.9da2.61772aa195fc.,0.41987096774193544,0.4348430962343096
X506c50e7.9e5a.434d.bb0d.2fd224c33bfb,0.5347317155866375,0.6495267412581573
X39ea216a.6bff.41bc.a730.350145ffd2eb,0.6847454136986163,0.6942950180557471
X4aae7c19.b752.4140.a861.80acd419cfcb,0.6497789432020582,0.6735761412664286
X4b53e3d8.3c8e.4c7d.9835.ed7fc4ea6d3e,0.539736896008919,0.5148620689655172
e3e509bb.ffc6.4639.9e07.b154f9e53414.,0.6642509681058633,0.6446792221592108
X28973531.fd03.4f86.8cf5.4c6941560c37,0.7495893677450836,0.7190175314939915
X9eb9e10b.30ff.44db.a0e9.06fb53e33641,0.5698791208791208,0.5099209010383937
d6238304.f96f.40ab.8d2c.d426a5e1ecf0.,0.6742608949882477,0.7246319025759186
X7e89a428.9132.4efa.b119.10241f0ecdcc,0.6445584409660761,0.6392800819718105
X2f220acd.b59a.4b9a.8a03.6bb8444ef025,0.49907464212678937,0.4499873737373738
X4cd74c51.3bed.4726.8ddb.889af78e918b,0.6498933555770818,0.6342495164040731
X74451263.2bde.4b6f.899f.d171915769b3,0.7043498556678665,0.7289631694113026
b72fdad0.4062.4320.b451.08302e4ef12d.,0.5849583173593728,0.5731219683639407
a8c7988b.3063.45b8.8ecd.5f8f91e9954d.,0.6144961722996582,0.6542305869577987
X0d82c41a.3bc8.4c71.a97d.90217b1af358,0.5645034453985499,0.5998205751895835
de704076.e915.4749.9729.e6ee06a0d359.,0.5344438807280146,0.6047639508450297
X124e781f.fb13.4e9c.9feb.8df19c83fd86,0.5147621992057986,0.5088474032648409
fda0a4e8.9897.43d1.9914.f4d6022e6248.,0.5999307491019448,0.5797630627839735
X6e6d9d77.a0a2.47b4.8459.98929523c062,0.624328386325596,0.5793910667833169
bf9e1674.9f2c.4014.808a.1f3f7544e9df.,0.5747768190888395,0.6393924334682356
c758cf60.68bc.4154.9d43.44339da29889.,0.6992751155017164,0.6694209511664734
X5ee23a7a.d9f6.4bbf.921f.43aba161880d,0.6047870963392435,0.5834395956097922
X6362c553.676b.4b2a.abbf.e78eae14b48d,0.6138737607942178,0.6046592846532165
e7297511.a7dd.4712.86d6.5a1236cb9b95.,0.465,0.4148620689655172
d07c7238.807f.48b1.bf06.deaa6200f4aa.,0.6099592391304348,0.5197043534171767
X8bdf08d2.3506.4e2d.bcec.629f6dd0b82c,0.52,0.4996026990583159
c0f8e67b.43d1.4fd4.a13c.4387e16b5871.,0.8345941979015844,0.7741125034911591
X4a0d9b7a.427c.4446.9fbd.ebb4b55b0469,0.6648146652182674,0.6695878368585539
abe89868.a84c.42e9.8380.26e8cbde31da.,0.335,0.355
X79b14b36.3c76.4a55.ad28.e3bdb906ce27,0.49497150997150996,0.4698905109489051
X509529b1.8dbc.4abd.a037.84fa6c48575a,0.6296199743355968,0.6741407451746838
X7c4cee3c.a8d6.4016.84e3.106d18d1c2e8,0.703803262027171,0.7043247924247149
X15f8a6a7.ab64.4106.b52f.601e3c5d92c5,0.6196947078684502,0.6248031710995526
ae838393.741d.4210.b398.4cde0997bd94.,0.3849592391304348,0.39
X59325a83.799e.4f38.aa82.a26b34e7e563,0.48984848484848487,0.4848856578204404
X333d5e75.56ba.4a36.86de.34569303e416,0.535,0.5297605185765825
X1fb17947.620e.4655.8b19.7adef7238ab5,0.6394749553700598,0.6996936201779187
f581bb8c.40ad.4943.bf3f.09730ad97fb7.,0.6744751426194111,0.5446651140325298
X6e29236f.8b2f.40e7.a79f.e4466402e556,0.6594586988976643,0.6295903535668814
aa47670a.4c3f.468a.b2d3.9d7b1d60845e.,0.5347870963392435,0.44481809825251817
a7e829bc.d614.4473.b71f.41b7295fd974.,0.7194938581769916,0.704231969748166
cd5b5f8c.ace1.4a9a.9042.20d2d91318d7.,0.5398692081812286,0.6247067254627846
X95622ade.3084.4ddb.93a1.e6baac7769f7,0.5398506308506308,0.6198474032648408
X4ff24999.4b17.4992.9053.ea36ca833cfb,0.29,0.37952853598014885
X7fb187b1.9a6c.46bb.bceb.4a160264d912,0.6297643233190172,0.5946434655924668
X762034f5.879b.4e74.a75d.064aee08c500,0.5997483290603495,0.5697100398551439
X7d4d3a36.6f6a.4e91.8849.cc871fb6cf4e,0.6048374382384936,0.6097318837935163
d1245d77.44fd.4238.82ce.b52bc519a24a.,0.6748374382384935,0.6542992342783865
X8d78e34d.490b.4f2e.ba1a.427afe96d26e,0.5698662928194955,0.539903016820825
X981c01e0.2914.46db.b3b1.906bda5d7382,0.574647786830775,0.6744970208124869
ccf384b4.64fd.4e78.94e7.ead631956184.,0.5296732385261796,0.5095594026137702
ad1d63e4.abf1.43db.95ce.09ee88d6ef2e.,0.47,0.48
X8e884e57.d4c4.4b44.a7a3.76bc9694388f,0.6347586063107535,0.5694155608248839
X4d0a2c1a.47d5.4798.bacc.c333913c095b,0.6794933563175266,0.6245795984866424
b3eed489.5a7e.445d.b90f.13bf4742c446.,0.37,0.3498858921161826
X385728ce.d2bc.4fe5.bcab.59f775c1e0fa,0.7696041105994766,0.7988144613071329
b57f69a6.91ca.4131.a654.5495f6dd1131.,0.6447185229745003,0.5944720558602761
X856ca504.791f.45f1.b756.e180e6a2535a,0.6997368960089192,0.5997906889836268
X350ce5eb.cc0b.4bf3.9a94.654273c50cb3,0.53,0.5696083736691993
X4c48686f.e84f.458d.bdd6.058dcedb0c86,0.315,0.415
X6f2d3476.cfb8.4e9e.abd0.266cc679d0df,0.43987912087912084,0.405
X4ea4ed16.8597.426c.9485.0fc8a8d81973,0.385,0.355
X19c83d2c.0b09.44c1.a67e.cab0da88e92f,0.6828017168438801,0.7589393896002703
c5178a93.2f1b.4e20.b86c.97929a9dec68.,0.5347500886210563,0.5599861111111111
a62cfb55.6820.404c.959b.e33a2f732f25.,0.7497307938155754,0.7593333916746573
X58ebf33c.0d98.4f62.a174.0b6cc11f8fb4,0.365,0.40490118577075096
X4d8ca8d3.eec4.4dee.9805.4a84fa1f1716,0.6744375618451969,0.6941543585609941
X96b44e28.67a2.4781.a85b.c82fe528157d,0.7047084059804289,0.6692880282348463
X19f52003.78b1.41db.af49.65536c538ce3,0.7047724764562027,0.6694643031955689
X110de223.52e1.43b6.8c69.399a0af8b174,0.6447222761258782,0.6046550921379612
c3f9ba64.6946.45d4.984d.b33ef2589603.,0.4898513083839427,0.5296779417718723
X85bebda7.644b.4f9b.a928.b758f4fd9495,0.6198801629649445,0.5596988563342705
X8e825388.620f.4d87.8ed3.84ae6b5b7dbe,0.4198976982097187,0.4
X571dfb80.0e39.4e9c.8dd2.597b93d67e90,0.53,0.5649159663865546
X757b49f6.849d.45d9.a182.4caa6c527fc2,0.5598228183554527,0.5695982718754931
X31e5c917.1866.4156.9eaa.84a72c310edc,0.5149868073878627,0.52
X54d00fcb.6468.4716.9491.d1094a250d46,0.5798146652182673,0.5498726957422609
X8ea27ed4.5bec.4521.b9ff.7f2379aeeb9a,0.5949314266352566,0.6195924620816888
d464fbfd.a937.41d5.ae6c.e4ad47b25c07.,0.7243160963389418,0.7235555608423196
a4db2c6c.403b.4ea1.9b54.d2aae853389c.,0.5297500886210563,0.5348854621486994
X4c7bb656.b66f.4139.a253.017f14e414ce,0.6549721875048218,0.6595588363717413
X445fb7df.2bd7.4324.9423.23b573ada13d,0.6246345942186378,0.6696507310943328
c798d13f.4211.44e9.93e2.23dfcfb9d274.,0.49987096774193546,0.5297769516728624
e1e1315d.d5e9.44da.8837.6d831d0b1fce.,0.7175,0.7444115198439236
X41f067e1.7d50.448c.86fd.bdad3824b2ec,0.6994134144493437,0.6769465396118874
X1953cac0.8088.44ea.b371.e8b98097d871,0.6943940449502018,0.6247303937980496
X58364fa1.64c1.4f78.9776.1f2eda22a9b8,0.7092363482228223,0.6982658873697041
X66174391.806a.41f0.ad9d.685e2adad5fa,0.49487096774193545,0.44982642068579565
X8e8015bc.ba25.4932.a8ac.e1ae1329d296,0.5498659282669837,0.52997150997151
X6a73a6c5.ec81.4179.9270.47b4a99aabe5,0.594765750589921,0.633968335620836
dc2f6c9f.0b25.47da.8bbc.4f1353c75799.,0.565,0.5346886410963079
X723562fb.cff9.4cd4.94ed.9ae9cde55a9d,0.6721447484976896,0.5898351872450871
X02e47d87.c6c8.4051.a2e6.f65ab814591b,0.6396097046363881,0.6746040809435115
e8e40aea.8fc6.4f92.a4aa.74f94002e5c1.,0.435,0.36991596638655466
ad6b6702.a1f1.4b1c.bd8a.8e2128c63a49.,0.6897289595612076,0.6942305805720898
X3edd413e.831d.442a.be8d.70b2f49e9d67,0.265,0.35
X97745843.751b.4437.82e0.31ed8c323e91,0.6147490065936614,0.5936113878287186
e4544c39.bf5a.4f95.8853.6a59eae4c262.,0.6348709677419354,0.6941938717381285
X5d3c2256.e8ed.4145.8c2d.b221c75dc049,0.6395515672367564,0.7386631024219378
X559102b0.8f67.4bfb.ae0d.bfc74f439198,0.5947483290603495,0.5789566661805892
df0459ef.6e9f.46c2.8288.1179f0ae091d.,0.5598659282669837,0.5299131513647644
X9bfd1930.f3c9.48f2.8b02.4d01b70b4ea0,0.46,0.405
X92329d1b.1249.45e2.8adc.d94cfcfacb2e,0.6347686659516542,0.5697169316347008
X72fe3744.0461.4ea9.b03d.f75929eafc51,0.53986450099608,0.495
X73756e81.79a2.4bff.96e7.99f038306b3e,0.5797500886210564,0.5843037638471459
a59c9d7c.9c23.4290.9803.c82960e24ceb.,0.6897636264767023,0.6494631126237459
X7f0f64a8.9610.4663.acdd.a769573e9f4b,0.53,0.565
cf6bd60a.0bab.430c.b6d0.10182a554b78.,0.5396448714690417,0.539053886114666
X70a755a4.250e.4b5c.a341.a63f1ff430ae,0.7146504655059533,0.6938212056662423
X555de98a.5925.41d0.8095.7ae42c480861,0.5749868073878628,0.5498323784313014
X7eed3c23.853b.4d0e.9b2d.81990f2ca0c6,0.6248431552467573,0.6046544214470078
f312872c.154a.4bd6.aa62.7ba6678bbb13.,0.5647222761258781,0.5144774055357997
X056e323e.a25f.4699.bf84.75ba9c32fd16,0.585,0.6149011857707509
X8d4bb582.9891.4522.8376.099fbec22391,0.5640457875457875,0.6145340554298411
X78cf84b3.5e39.408e.b85e.2ad998971dd4,0.5598506308506308,0.4798253008761877
e061b904.40c6.4fc5.846d.2d6ecc07ae71.,0.46,0.5398612921537297
X88cd30b8.9d2a.4823.8a27.c313805c2f8c,0.6048506308506308,0.6198433175806504
de3f8e43.3f12.4905.ae6e.922d4147ee99.,0.6796809531410269,0.649699722671156
bc8d5743.bec0.40b2.ae96.4e6cf133f89b.,0.6148672145905575,0.5548900130733814
f6b9d070.6d11.40f3.9ca0.a20779091825.,0.5648645009960799,0.5887409807719315
a57cbcd4.61bb.4a57.85f0.21dca9945eeb.,0.45490797546012274,0.40483046997168337
fbd32fa7.a9c7.4148.a3d4.69179c833f97.,0.5894389891161006,0.6243316313205631
X63eee5ed.417c.41cb.bdcf.7635b42e2246,0.4798791208791209,0.4644613831145459
X70a5f31f.6113.4509.a204.6a03cc02b51a,0.6945938333490725,0.6840470559353673
ed2b3327.9b0b.492b.a20b.9733e1233450.,0.5648577751297982,0.67937891056004
X23393a6a.bfbc.4dec.9ab5.e78a487a095f,0.6796786232446402,0.6745948528981627
X9969efbc.02d3.4e2c.af46.f7883296fe42,0.6395785359327197,0.6494107832383625
X836bdfad.44f9.4881.a59c.957ce06a7a7c,0.7242125466796686,0.7137821883463116
X0c3dee5c.b102.4cc2.85d5.4c0e8f860c86,0.7994160682328364,0.8140253174837788
X742a6c93.affc.4447.8951.4447a5f439c2,0.7447185229745003,0.709253727962645
X5fb64539.aa50.41c0.9b2c.092455ea02cb,0.6597504531735682,0.7122224931649049
X94425c86.3918.4de4.a821.3912a27f098d,0.37497150997150996,0.3599011857707509
X9daee176.d523.4450.8ac8.0f69d028399e,0.6499868073878627,0.6248462319127658
d939e0e3.4b94.48d3.a558.fa212f84fc8c.,0.4498437447280162,0.49490118577075093
fae43343.f746.4c1d.afb2.bb36967cee0f.,0.6898709677419355,0.6549844720496896
X36d51af5.ac20.4505.a9b4.d3334a0bcca6,0.7341035628133799,0.7592320371630886
X007f49fe.d251.4ae4.9313.86d765b13499,0.6746302515860008,0.6394319506962315
X488f53a2.92f8.4164.adc8.28b738a312fb,0.5698645009960799,0.6196502662660687
X51724196.560a.47d6.adb4.5fb1ff622f21,0.51497150997151,0.5347901781011067
b8781416.020e.4af5.b33b.2604f67e17d8.,0.6495239989793284,0.6942292129181707
X987f8069.ca25.4f86.938f.98f963fd5bf0,0.6494707206042536,0.6494380984725925
X953d264d.847c.4c4d.b29b.727bf1d6f520,0.5996891062782124,0.5995825188836655
X8329e730.1483.4567.af1b.a092cf294879,0.7099307491019448,0.6498072798947494
afbe1f71.cb91.47ba.9a38.b533cd435e0b.,0.6997075681907842,0.6244883737146898
X143e7f2d.1adb.4d50.a2ff.8b36a7ca41ce,0.8145458186896186,0.7939185743096658
f495216d.d669.415f.ab8c.c95d830a294c.,0.7649868073878627,0.7963696731279696
e6428ce4.635a.40a3.a7e1.7fa9064e3782.,0.33,0.23988589211618255
X7a0ac078.cd90.49f2.b396.3ba1b4525473,0.24,0.325
X95b8a790.8600.489c.bd34.09803ca600ae,0.44,0.40470906973211124
X661f0a7e.8262.41ec.8382.c1cf89e3aa8a,0.7647771836413514,0.7835988014989315
X5af9d74c.549b.4a44.8918.b80b4bc6fab4,0.4999853801169591,0.5199724499089253
X75eae310.d206.4219.bd13.8335cfc98769,0.7046937860973881,0.6445946856487484
dbe013fc.0642.488f.b561.a3e349228061.,0.3697649128002762,0.4299873737373738
X8fb72418.630a.427f.aa4b.c95f87d7e8bf,0.4599446192473938,0.4
f4d49fea.2d9b.450f.ada5.1cbeabb24d34.,0.5448709677419354,0.48967708606278165
X69e11cde.c26b.40d2.a3f5.b668ef590688,0.6296416846374312,0.6993822859109486
X35c9fca2.c634.480b.962f.e6fc542d2a01,0.37,0.399789232240111
X9410727e.c872.4d2b.bba9.1f63c73b6908,0.66428635844146,0.584073818769869
X33789f1e.8172.4123.9318.77ad04c0981a,0.7096365704688185,0.7345249289176714
X4450b090.a44a.4bdb.b82b.52ade905c7c1,0.265,0.275
X98da76dd.0fb5.4313.a277.a122c205e843,0.6227587217287794,0.6494811180342356
X3c5a10cf.2088.4179.9dad.88fcb6165c7b,0.8893468173347812,0.8731200291499477
X1651f9c4.219f.4d46.adcc.6003c91eb059,0.5698506308506308,0.4099439461883408
X94719fc5.6ae9.410a.a15b.49ffe3753d2d,0.6597500886210564,0.6941109270555432
X26590bb6.10f5.4c18.8706.d2ed89727038,0.6697463354696783,0.6622388962492382
X42c0a807.3b90.42cc.aad8.6a86b3ee9c2b,0.42,0.5597336071832147
X04cd3365.e4f6.4361.af6d.ce9cce207735,0.45495831735937275,0.3697004983220022
X58854566.2e6f.4581.be44.1a06edea4a91,0.8147046528290511,0.8386612375964685
X1349107b.b18e.406e.a07b.5662b8eaa2c5,0.639708405980429,0.6594822038663329
f770d34c.308f.4950.a6ef.103a14faef26.,0.569604676919244,0.6096390206383796
X32648f93.4bfc.4c39.a35c.33fc90be175e,0.5248791208791208,0.49956363042485064
X7424bd55.ba00.4aea.b4d6.b827b4f60902,0.6543143301589849,0.6391182534362453
bb1b9683.173e.4a32.bbeb.f17c7ed114c6.,0.6248976982097186,0.6234855267274897
eaa01a14.f563.4076.8696.9064c9397e6a.,0.49987096774193546,0.494611470547305
X2a0bb88a.8f8d.4a9e.bed2.f1a3d43eda86,0.6197500886210563,0.5746781374436134
aab22bf4.8c7f.46b5.8170.844f24a65522.,0.7145608482764709,0.7038731074102842
fd55692a.cd56.459b.8edb.ba83a735e665.,0.6696169360025115,0.7589655660105682
e5cb3591.f0c2.4630.be79.aaaf125fe720.,0.6396351431979148,0.6341826070859669
X686e79ba.4ace.4833.bce2.c4fbe8737d5e,0.455,0.435
f3ef5625.ff89.4e70.9844.275edeabcb88.,0.5,0.5698858921161826
X1287d36a.6a27.4e4e.a2f7.51727ac3cc0e,0.6943502060358863,0.768831697117849
X698eba4b.b0f0.4923.9e43.d9707959c65f,0.6647069787095253,0.6393176739106395
X78842f73.6689.43ab.bb2c.60f01be583c3,0.5497368960089191,0.4749439461883408
X3a657ffc.d6c1.44a6.8d6f.a955e5d1fe35,0.779637843229496,0.7672341913272385
X4be3ff35.b828.4145.8b1d.c409ef7c3c4a,0.6294287118656965,0.6142827733420244
X77377d45.209c.423a.848b.c2f399e490d2,0.6148791208791209,0.5895624004691459
b6b39b8d.9072.4a01.b48b.0bbd77760bec.,0.4648302068723702,0.515
be0d2e41.7373.4fa9.9c05.877e9ddcb88c.,0.6443081972973294,0.624536385813032
X97be5457.526d.42ee.ace4.d900b8c6fd5f,0.4898506308506308,0.4496980069485953
X980c5b34.b4e4.4547.bcb0.cbeba18ffba5,0.5348791208791208,0.5697159188090126
X4071acac.bea9.45ee.8ecf.c35f35965dea,0.5897351364482123,0.6045342390822299
X87eea66b.23f3.46ca.a0d6.7724b3d0da3d,0.6245207308228912,0.6347491221841238
X8b178cb1.d22e.4657.80c6.d7efcddf43a6,0.5348791208791208,0.5645052762111513
X85a10ecd.d3aa.4907.9dea.d58ead2e511f,0.6399868073878627,0.5698596919948173
a9da5584.abcb.47b6.8231.05796393cffe.,0.684492518527882,0.654432926054743
X2d9de862.f644.45c2.9c96.d5d24d05f3f2,0.5148709677419354,0.44998633879781424
X9e189255.33ba.4802.934b.dd8a7898ef0a,0.36498680738786277,0.34
X103f15cb.936b.4859.a8d5.5cda17ffabcb,0.6747102468659625,0.6646382134222211
X8b7009e8.9021.48d7.a603.3c6038635252,0.5397768190888396,0.5294763861546874
X8ddc8e8b.d131.4f4e.96ec.078ced613de6,0.5498292851013082,0.5188611140634853
c7a7d3d9.6171.41cd.99c6.5c80f48c6625.,0.7041847341844906,0.6945828491404117
bd556315.a050.465f.9a41.bdebe7e3eb61.,0.6597215985925662,0.5694242151659953
e2916399.9c6c.4d75.a22d.b180ea174644.,0.40985693734015344,0.44987223091399675
ab0c5b41.c6d6.4591.a11e.9255705d0d6b.,0.345,0.3598874763580646
a8d00df7.398b.4aa7.8104.3a4487226837.,0.5747483290603494,0.569343921631329
e5ee90a3.5094.467c.9418.10368ac6b451.,0.4346416099437703,0.40493119266055044
X36de0aa6.191b.4a7e.b4e7.4f37f68c9ced,0.5498709677419354,0.5748190679759648
X499ade44.e5c3.48ed.8ba7.8548795557d1,0.6297354687380153,0.6090233672989591
ae5ed6cb.ebb3.4706.89eb.5566132babae.,0.5398302068723703,0.5049844720496894
f3ca8406.7724.4096.8f4c.31f39ae25901.,0.39,0.3549115578672588
X458719e9.d654.4396.88e0.c15f94f1cc3e,0.37987096774193546,0.4
f27747c6.ceb3.4849.a30a.9eb6229a5576.,0.345,0.33491596638655463
X93293529.ae13.4ad2.94dc.a566275c606f,0.5843663022519489,0.6288263869306112
X7ce11862.f705.490b.bc78.9cf9acea7e78,0.5998709677419355,0.6240368908539977
cf004694.2c63.4b88.8058.214578f369ea.,0.505,0.5649020774976656
d9b4ed1e.39fe.4378.a9f8.f5f74a284c57.,0.6098513083839427,0.7132477547787909
X99aa28e6.25ae.4137.adbd.339cd07b1bba,0.565,0.5448451633617875
X43855b19.028a.4d3a.a825.98b17e9e51cf,0.6379592391304347,0.5695193869557132
X2b61282b.2240.4f72.b8ec.a6242c3fdac2,0.6796070259612098,0.6497630590645271
bc6d88b7.1139.4be5.a1c5.7dab273b0997.,0.6297706422018349,0.6147270710347762
b0556a60.d6c1.417a.96c0.a861eb45f95d.,0.5397147124699516,0.49978933906750506
X8a92dbf2.4550.4e57.a08b.d46905998039,0.27,0.335
a2a12535.77ea.414b.bd36.d9328e019d05.,0.41997150997150995,0.45997150997151
X247cf0a0.bb25.4a18.a5c8.a4b8a43319e0,0.375,0.39998737373737375
X18652b14.d05d.424e.ba3d.40db19a38de1,0.6398360109675899,0.6245512405677225
X65df5868.2ec4.431a.9061.f1731d333f08,0.6197768190888395,0.6696722386971953
f72258b9.fa1e.4c96.9229.f9f711c72dc5.,0.6447794977640179,0.5845771136075809
ec241da3.82df.46a8.8a54.b1e977ac4834.,0.6596454260310014,0.6198344885399415
X070af2c9.b54f.41e2.a48d.a7e3bfaa9025,0.7446192968022849,0.7642023607703671
X2cf39837.fb85.4581.9d72.de39d0c4566e,0.45,0.38497150997151
aee34477.7bfd.46c3.88a8.f3e7338a8444.,0.5698228183554527,0.5347895778066272
X4d26d2ea.cd58.4308.86b1.31d2347284d3,0.5644839132163908,0.6147709688476996
be0707df.1761.4c49.abec.cce9b01ff2db.,0.8246798711136322,0.839134282091734
X563c8a9f.5022.46be.9439.02f0a2e6900a,0.8391230743083347,0.8785511135404189
X05785b3d.b25b.4186.b60c.78ab299e8cab,0.624516393772937,0.644478251877818
f817f863.8d9f.4b22.b371.4e342bfe07d1.,0.355,0.29
a466927a.fe3d.4efe.9509.3a08338fe859.,0.42987096774193545,0.43
da74b34f.43a7.4aec.ad11.2f87ebd56530.,0.6544888255155091,0.681495307064371
a7230a9f.317b.4ffb.b4e1.2019473b81d8.,0.55,0.5449335672531875
X2f8c0ebc.e540.4bb4.8f58.285afcd913e3,0.505,0.5647632547362682
caf9cab4.f98f.46bd.a75d.0eb1e9c6c9ea.,0.7745431242407202,0.6691901561187364
X4f2319b7.fdfb.4682.bb16.f86ba1a8fac9,0.505,0.5098403485250546
X81903241.4091.45eb.baf1.90b10b727208,0.5048569373401535,0.48947772885087654
X17915009.ea55.4f1d.b745.c6724a0d0060,0.6396569820537841,0.6291970129127497
ffd65a1e.2709.4905.b013.55c4b3f6a237.,0.5049592391304347,0.5342453235638552
X9d52a72f.06cb.4a2d.8aca.63ca74cbde70,0.569299896297106,0.6597780353520719
f288f879.8851.4adb.aff3.90c19dcf8b8c.,0.5344902527864127,0.5245893098562349
X21feac5d.641f.4802.a910.51b73431de3c,0.6347500886210563,0.6239532671907078
X6999d309.8502.49ee.8d80.9d0bde00081f,0.619817014260233,0.6133424063614588
X717d9887.98cf.4460.911f.13a93f31246a,0.5446563045204722,0.5894195759566352
X008b8100.7bd6.4224.998c.700863de51da,0.6048017168438802,0.6196383913275788
ce85344b.0f16.4f96.b8da.af518e2adc71.,0.7196447484976897,0.6642352588253647
X9023df26.92cb.4dd9.8f2c.629dfaddd88b,0.6746137974485922,0.6195637493475425
X1da524eb.0caa.4649.97d9.70f4f118dfd3,0.5298692081812286,0.5099861111111111
bceffa81.996d.4775.a452.23b31a25daf9.,0.49997150997150996,0.5198906499308584
a189f012.5db6.458e.8470.a12981b0c9d4.,0.5649583173593727,0.4998292073454207
X7653ce3a.2a0d.4bf7.9abf.068c3ea2602c,0.49,0.46
X1ef98734.2278.4169.bb7b.8a1d325af20d,0.285,0.265
X43b5faad.7097.4f34.a90c.d242a84c989b,0.5897636264767023,0.5789537445536003
X1e215a66.f961.4870.a370.4b945e1f7053,0.7044399691555917,0.7090569325054471
X68111fdd.653e.4185.ba74.6ae3cb221508,0.7146039876281245,0.66939822269849
X7f86ace4.9a17.4b17.8a79.3b2ef53f62c3,0.265,0.3
X7f9a629b.12ed.48cc.8d5c.1c2f5db9cf1f,0.5197533567774936,0.6694771513280608
X3840477f.a5a6.4420.8d06.18f61b313ec1,0.5346600459140425,0.6544599977116913
X036e2fc1.c001.40d5.98c4.28bd121b9554,0.5798645009960799,0.5845751666778424
X4082f7d5.5656.476a.9aaf.36f7cea0ac55,0.6796335315002459,0.6846184159354856
X0d9e4b58.c22f.4de0.8b0d.0b5a8e19a1af,0.5149161292189038,0.5848858921161826
X86272569.4b9c.4d44.b8f1.daeb9348a6e0,0.5496234027483671,0.5770210380061819
X22c16f46.950f.4389.bb16.b5cec4d8b94e,0.6198801629649445,0.6644752248690583
X148b05d9.4154.466e.9158.9db6bd4dbbe2,0.6097768190888395,0.6047769195751926
af387835.6795.467a.8103.e2083e7fb478.,0.535,0.5749844720496895
ac6e6b63.e24b.4e24.8fc7.d375fc0e2ad0.,0.6296335315002459,0.6145990710678665
ff691f33.5e85.4295.88f5.c86b762da62b.,0.5641708640390415,0.5238814895352679
ce80ed84.2030.4fc9.95d3.4a191ef4278c.,0.245,0.2599159663865546
cbf6d499.8616.4519.bca1.2687c14e2a4c.,0.6348659282669836,0.6499461935158137
X527459cd.e8a6.44ce.850c.4fe2346059a7,0.6928387245620675,0.6493442223333171
X3b187f2d.fa67.46a4.ad60.0d26375a9632,0.51,0.5247776441742493
X0d9e02ff.8f02.4755.9fdf.9f1f0173d98b,0.5546416099437703,0.5297704506086902
X8a4a20ed.b31a.4ef7.815d.ab1b100e063b,0.8694586988976645,0.9133274807693759
a1e80ada.950c.439a.a360.f99c02ccec93.,0.6397185229745002,0.6945211425260064
fcce1bdf.84ec.4679.b2a1.6b716aac4222.,0.42987912087912084,0.42960275835275835
X6f3dfcf1.9cd9.4c1e.91a2.58efd909dcb7,0.41990797546012276,0.3348298383045234
X5959921c.0711.473c.85ea.6cf4ed0fb77f,0.5649853801169591,0.54
X19f03b11.c023.4a31.9f11.9b7cd9320e80,0.6945997913169002,0.7441220603938369
X59d90fcf.e519.4e32.87cd.eb920cf3b588,0.5744667773411888,0.5797004983220022
eed21a5a.30db.45a0.9b60.3f6a91b38cb6.,0.5098424777134454,0.4449131513647643
ae43e7b6.18c7.4657.909a.462e102153fb.,0.5877789432020581,0.5645013615042992
e54638eb.8b35.4cf1.af4e.3411dfbd1ba2.,0.559802394377192,0.6544005207271227
X98f9dbc0.5a0b.4a9a.b11e.e95ff9ff4497,0.6148791208791209,0.5994359556051002
X95e7cabf.16bf.43b8.9478.84ef60df13dd,0.5647222761258781,0.5545978508554674
X9b13b9bb.b184.42ed.80dd.2d9b90da17ba,0.59,0.5844819593132491
X14a400b4.e330.4b94.bb7f.39b69800bfe9,0.6246477868307749,0.6298166419306017
b09cbca1.061b.4e66.8e45.f27d340fa772.,0.584671601936825,0.5445897368217348
c29bb077.a7a7.4b14.8720.774e2fdae4a1.,0.4098560155690914,0.4796901030376267
c06d1a9f.c20b.45a1.a145.de7c9098c01f.,0.6595191073674145,0.6097061456665773
X829af93c.fd1a.4792.be16.a5b7b7221b09,0.7038759944181578,0.6745695479103856
bd7e6aec.e9b1.40da.88a9.b13d8256c793.,0.5796212730524657,0.5644853830389949
X8a3f2cc2.eec1.4bf7.b8e4.2599630d0045,0.6098791208791209,0.5896674626217675
c4d82db9.6ec3.46fd.8064.473ac2ded9d7.,0.255,0.3596153846153846
b4136184.2bad.4820.8e33.866d187a84c9.,0.285,0.35988589211618255
X66b276d6.92c6.4ada.ae69.2ca5db2ad797,0.47980986998106556,0.5248899680642772
X3e528390.3ccc.4821.9dd5.52e344a37258,0.829502363371155,0.8929382510012865
c65051d8.4815.4a9d.be65.de1aa152a346.,0.47498680738786275,0.545
X71c3f9c6.9226.4a8f.910a.3cee62dbeb3c,0.52,0.579519165413047
X184a1f09.5179.4704.8d18.ea58329cb552,0.814224441934259,0.8785880252198374
c7fd15b5.1f15.4fe9.b3ce.77bf232bd110.,0.4698563478588945,0.495
X14def78d.b065.4d11.9c28.9970f9e065df,0.6445075382107539,0.6944170079453493
X60bfd325.330c.4f93.8d08.bb2ab04ee292,0.33,0.425
X13f753d4.adce.46ba.be86.41fa8486ea78,0.545,0.48953503490704575
X762d4b1e.808c.4f32.bc14.f7c33c6666f0,0.6497279050820889,0.6783159913499637
X70089c01.2fbe.4501.bccf.747b40872d6a,0.7588144534974417,0.6997130907746082
dbb50b30.9856.4a56.91e1.d31ad106fd48.,0.599985380116959,0.6145788101755997
bef64f1a.1c0b.4615.bbbf.9faa7b0a03c8.,0.6045157162396251,0.6546157081589429
X684122bd.81c6.41af.a8e3.700bb833cd11,0.7085551666420753,0.7342633566068649
X5141c576.e074.4fe4.805e.d58eae3ee198,0.6449436974763318,0.5947632547362681
X056b10b4.e507.4ddf.a6ab.f20bd7a9d47e,0.6244298245614035,0.6595300252061023
f01c01c8.97d9.4ba6.98cd.4ac9ac85ed82.,0.7147372605614309,0.7092478805940919
e3067466.096f.4bea.993f.b0469a7e11e3.,0.5798387245620674,0.5699159663865546
X5cf8ae27.a229.4309.9ba2.89bbab7f5da2,0.699658064081179,0.5948290117272673
a3f88a5d.7169.465b.bb80.e5999590681c.,0.6645150014213325,0.6643803910225796
e43ee3b5.ef20.42d9.91b2.ff8ccd80e311.,0.6297215985925663,0.6846029481993423
X2d61b6b3.ba40.48e8.a881.d0d73fd94c1a,0.5396947078684502,0.6214030590523252
X4610a246.13d4.4c17.a359.afbd9265f548,0.6298645009960799,0.6346247100918673
X5301c76d.5e41.43ec.9277.1e6677ad35e2,0.444573060849117,0.4348389437593751
e30f0507.8a6b.438f.b800.52b0a842f132.,0.45,0.4
e493b9b8.716d.49cd.bc70.26ff6d5daf96.,0.5745119630882471,0.6397069381612305
db03f5de.67a4.4503.9742.2ec13cd94ab7.,0.6045239989793285,0.5296470152020764
X9ed9fdc8.a437.4f4b.8ef8.e3f0c219baca,0.5697706422018348,0.5595804009168466
X7a425212.3b1e.4269.abd1.25d330c47a70,0.34,0.2996153846153846
b95fdfeb.6d9e.4bfc.8eb9.02b76d644c71.,0.4197768190888395,0.3648620689655172
X6e1f1d9f.85b3.4ed0.87f0.94aa404e1ca6,0.5598645009960799,0.4747632547362681
fc996542.68f3.4b12.9eb5.dd8680f461fa.,0.6797625637583105,0.6993080179935373
c71784ba.45ac.4377.b098.0a0e5ba6d58c.,0.7099436974763319,0.6394087382169782
X1290a9c0.a82d.45a0.a2a9.85fe40d401df,0.6823099853990915,0.6236472064572548
X0ca5cc29.f48e.4533.a732.877e7bd2e73a,0.6448513083839427,0.5697528849294077
f89058bc.4cb6.4a62.b87c.2877549af6a3.,0.525,0.6191812428936343
X111d998f.4133.436a.9990.64cb293a986e,0.6525839535865002,0.6942535313210059
X3da052da.d6f9.413e.a815.f758261cb314,0.5698098699810656,0.6696309905859575
X866b33c4.36ab.4806.8905.f0bccd75c62e,0.6545812139863024,0.719295619820661
X8eb08ef8.aaf4.4a18.b9f0.78540f02a8b7,0.7047724764562027,0.6592612977264798
X45f27da5.7fc4.40e2.a78f.3f9af7500804,0.6048672145905575,0.5946612582552229
b3f7a18b.19ff.4b72.a3c1.9d1a0f89ecd4.,0.6996586186431386,0.7393299049418102
a62f2229.21de.4876.9735.062659ccdcbf.,0.46967323852617965,0.549481294147728
fe456539.1e52.42e5.972d.88272721c807.,0.46489769820971866,0.4848430962343096
X2e81bac9.aafa.4aba.ba62.327e3bc8dc51,0.5345680213741651,0.5997961478775021
cb30c7c4.cc0c.4b60.85c6.dda5e4ef1faf.,0.684651892776857,0.65395939672781
b4219e05.aeeb.430d.9310.e6f1541e5ef1.,0.7146011994422249,0.6985800193231259
X793d9283.e8c4.4548.8f2f.b57f94308b5c,0.6846600459140424,0.6093807300009993
X91f35d16.88fd.4729.b4a8.09d26f20ad86,0.47487096774193543,0.4447281765678421
X0827bd64.de4e.45bc.9e75.a9bdce41f4a5,0.6596219754774633,0.6989191675421763
a2233404.f380.4bd6.8770.0d4ba8998fd9.,0.7246604104665542,0.7389561931518519
X5310b432.6d4a.4b07.a9c3.d3db29515dfc,0.42987912087912084,0.4598296354114769
X70151eb2.40c7.4ad1.b4ff.97e1878449fa,0.7195941979015843,0.6992406021105384
X7f08d0f0.7b1b.4ef0.a3ba.4bc12097a0bb,0.6649079754601227,0.6246101610735086
e328b8e9.2ffa.4cca.af04.5a96f09b9e04.,0.4898692081812286,0.5249731182795699
a15f6726.8746.4176.bc5a.1f6b4a8e0ee0.,0.4499868073878628,0.5349159663865547
X41263b0e.e2db.4ecf.8152.136364e1ad66,0.7045313782084897,0.6194081408909458
X4bba621f.d7b8.40ae.8ddb.344e0b6ae639,0.5649079754601227,0.5599594570773841
X8860913f.2d70.4550.8491.987f893fe134,0.5747360582192743,0.6095546240819372
X24ce4353.ea69.400d.a1e7.a3d785f463f2,0.6894249395687395,0.65926490660622
e49b0cc5.3b8f.488d.8914.a8e0c761abf5.,0.6548302068723701,0.6769230830281794
X88a98b31.4209.46c6.982c.f1fc7f04100c,0.375,0.435
X77c07069.2887.470f.a1ba.66e5d038912c,0.5195985000322394,0.5793399334268918
X23253bc3.d797.4fc7.af90.db482af889ab,0.6349307491019447,0.6145539429320973
X14c53db9.bd7b.4edc.afca.80f4c492e982,0.5148394020953793,0.5263497992757317
X9edb1465.b0fb.4451.aa59.62f746ea2e71,0.5198845055975814,0.4898430962343096
X6b397aa8.3457.4fba.ad87.619568b0ead6,0.55,0.5247153272345251
c0838214.75ee.4668.85fe.4247b8e5ea1c.,0.7446676451108638,0.6592987597969698
fa9d8ef2.0fd0.4fd8.8266.e4760b77d103.,0.5598506308506308,0.4747791771190254
acc7d983.3759.489f.844f.d87543f07b26.,0.5246365953605043,0.49965019390964216
be971104.df6e.4327.8e45.d95d2a1d475f.,0.5998569373401534,0.6494626041391511
c7fb0cbb.3633.4439.8df8.fa84382134a8.,0.6696537205285125,0.5971017234066202
X509b4d15.5a91.4526.b0f1.49f837a2ee97,0.5595005093496125,0.7040587369869268
X028c7c43.99c2.4cb1.bc44.6eb4dd60e52e,0.6942935774142883,0.7193465866509479
e0ce8c04.de41.4e90.8d34.61d02df00a3a.,0.5848577751297982,0.5069938833075632
X339d6e55.7065.45d5.ba2c.afc689cb7386,0.5599460465182975,0.5897597488597895
X731337f2.a700.43d4.9f37.ee04ae39a932,0.8143964686858287,0.7914212627356804
X55d3a539.99e2.4643.9ce4.96c01cfc6781,0.4848424777134454,0.4445885028949545
da9399eb.a43c.4fdc.a0e6.af1642006ac4.,0.6289253883954461,0.6244795650385829
X9ac537cb.57cf.4904.830d.d5496d150615,0.61,0.5447110355586089
b9771e93.d477.4491.ae58.0e52190be2d7.,0.5844783258106451,0.574281386992919
X4dd62d93.f835.4664.b9a5.6cdf0dd5f176,0.6297408534564759,0.6945550936480558
